type,id,info_in_id,info_out_id,node_id,network_id,creation_time,failed,time_of_death,property1,property2,property3,property4,property5
replication,1,19,20,37,1,2015-11-30 19:27:16.048261,f,,,,,,
replication,2,21,22,38,1,2015-11-30 19:27:18.557114,f,,,,,,
replication,3,23,24,39,1,2015-11-30 19:27:19.030465,f,,,,,,
replication,4,25,26,40,1,2015-11-30 19:27:25.513866,f,,,,,,
replication,5,38,40,41,2,2015-11-30 19:27:39.252158,f,,,,,,
replication,6,43,44,42,1,2015-11-30 19:27:39.818455,f,,,,,,
replication,7,49,50,43,1,2015-11-30 19:27:41.529685,f,,,,,,
replication,8,53,54,44,2,2015-11-30 19:27:42.6553,f,,,,,,
replication,9,61,62,45,2,2015-11-30 19:27:45.236393,f,,,,,,
replication,10,64,65,46,1,2015-11-30 19:27:46.966668,f,,,,,,
replication,11,67,68,47,1,2015-11-30 19:27:47.585823,f,,,,,,
replication,12,69,70,48,1,2015-11-30 19:27:47.774614,f,,,,,,
replication,13,71,72,49,1,2015-11-30 19:27:47.848586,f,,,,,,
replication,15,79,80,51,2,2015-11-30 19:27:50.43014,f,,,,,,
replication,16,81,82,52,1,2015-11-30 19:27:54.194154,f,,,,,,
replication,17,102,103,53,2,2015-11-30 19:28:04.5562,f,,,,,,
replication,18,106,107,54,1,2015-11-30 19:28:05.682763,f,,,,,,
replication,19,113,114,55,2,2015-11-30 19:28:07.097309,f,,,,,,
replication,21,124,125,57,1,2015-11-30 19:28:09.48847,f,,,,,,
replication,22,127,128,58,1,2015-11-30 19:28:09.595157,f,,,,,,
replication,23,136,137,59,3,2015-11-30 19:28:11.006811,f,,,,,,
replication,24,138,140,60,1,2015-11-30 19:28:11.24052,f,,,,,,
replication,25,152,153,61,3,2015-11-30 19:28:13.260088,f,,,,,,
replication,26,165,166,62,2,2015-11-30 19:28:15.208262,f,,,,,,
replication,28,169,170,64,3,2015-11-30 19:28:15.792726,f,,,,,,
replication,29,173,174,65,1,2015-11-30 19:28:18.227583,f,,,,,,
replication,30,181,182,66,2,2015-11-30 19:28:20.536017,f,,,,,,
replication,31,187,188,67,1,2015-11-30 19:28:22.779378,f,,,,,,
replication,32,198,199,68,2,2015-11-30 19:28:25.653965,f,,,,,,
replication,33,206,207,69,1,2015-11-30 19:28:27.152173,f,,,,,,
replication,34,211,212,70,2,2015-11-30 19:28:27.735265,f,,,,,,
replication,35,213,215,71,1,2015-11-30 19:28:28.077468,f,,,,,,
replication,36,228,229,72,3,2015-11-30 19:28:30.492665,f,,,,,,
replication,37,233,234,73,3,2015-11-30 19:28:30.911144,f,,,,,,
replication,38,248,249,74,1,2015-11-30 19:28:33.29641,f,,,,,,
replication,39,274,275,75,8,2015-11-30 19:28:37.177482,f,,,,,,
replication,40,276,277,76,2,2015-11-30 19:28:37.217377,f,,,,,,
replication,41,278,279,77,2,2015-11-30 19:28:37.348548,f,,,,,,
replication,42,285,286,78,13,2015-11-30 19:28:38.158848,f,,,,,,
replication,43,302,303,79,2,2015-11-30 19:28:41.760421,f,,,,,,
replication,44,305,306,80,6,2015-11-30 19:28:42.087297,f,,,,,,
replication,45,313,314,81,2,2015-11-30 19:28:43.286004,f,,,,,,
replication,46,317,318,82,3,2015-11-30 19:28:43.894684,f,,,,,,
replication,47,322,323,83,3,2015-11-30 19:28:44.562132,f,,,,,,
replication,48,339,340,84,1,2015-11-30 19:28:47.018816,f,,,,,,
replication,50,360,361,86,2,2015-11-30 19:28:48.966851,f,,,,,,
replication,51,366,367,87,2,2015-11-30 19:28:49.471251,f,,,,,,
replication,52,389,391,88,2,2015-11-30 19:28:52.232819,f,,,,,,
replication,53,399,401,89,13,2015-11-30 19:28:53.252813,f,,,,,,
replication,55,412,414,91,6,2015-11-30 19:28:54.72948,f,,,,,,
replication,56,420,421,92,2,2015-11-30 19:28:55.553328,f,,,,,,
replication,57,423,424,93,2,2015-11-30 19:28:55.706279,f,,,,,,
replication,58,427,428,94,3,2015-11-30 19:28:56.069414,f,,,,,,
replication,59,429,430,95,3,2015-11-30 19:28:56.108894,f,,,,,,
replication,60,451,452,96,3,2015-11-30 19:28:59.84182,f,,,,,,
replication,61,465,466,97,2,2015-11-30 19:29:02.266373,f,,,,,,
replication,63,476,477,99,17,2015-11-30 19:29:03.266438,f,,,,,,
replication,64,479,480,100,1,2015-11-30 19:29:03.899101,f,,,,,,
replication,65,486,487,101,18,2015-11-30 19:29:04.820687,f,,,,,,
replication,66,504,505,102,3,2015-11-30 19:29:07.694372,f,,,,,,
replication,67,525,526,103,3,2015-11-30 19:29:10.115793,f,,,,,,
replication,69,536,537,105,3,2015-11-30 19:29:11.638308,f,,,,,,
replication,70,551,552,106,12,2015-11-30 19:29:13.527133,f,,,,,,
replication,71,564,567,107,18,2015-11-30 19:29:15.288467,f,,,,,,
replication,72,572,574,108,2,2015-11-30 19:29:15.602594,f,,,,,,
replication,73,575,576,109,5,2015-11-30 19:29:15.695472,f,,,,,,
replication,75,597,599,111,3,2015-11-30 19:29:17.859311,f,,,,,,
replication,76,602,603,112,3,2015-11-30 19:29:18.089763,f,,,,,,
replication,77,608,609,113,3,2015-11-30 19:29:18.532173,f,,,,,,
replication,78,612,613,114,12,2015-11-30 19:29:19.071771,f,,,,,,
replication,79,617,618,115,3,2015-11-30 19:29:19.414125,f,,,,,,
replication,80,622,623,116,3,2015-11-30 19:29:20.175855,f,,,,,,
replication,81,649,650,117,14,2015-11-30 19:29:24.565282,f,,,,,,
replication,82,662,663,118,18,2015-11-30 19:29:26.27663,f,,,,,,
replication,84,679,681,120,12,2015-11-30 19:29:28.224841,f,,,,,,
replication,85,680,682,121,12,2015-11-30 19:29:28.234312,f,,,,,,
replication,87,699,701,123,3,2015-11-30 19:29:30.756725,f,,,,,,
replication,88,708,710,124,8,2015-11-30 19:29:32.250752,f,,,,,,
replication,89,727,728,125,10,2015-11-30 19:29:35.181472,f,,,,,,
replication,90,729,730,126,1,2015-11-30 19:29:35.337437,f,,,,,,
replication,91,735,737,127,18,2015-11-30 19:29:35.863402,f,,,,,,
replication,93,763,764,129,3,2015-11-30 19:29:37.976954,f,,,,,,
replication,94,765,766,130,6,2015-11-30 19:29:38.055437,f,,,,,,
replication,95,785,786,131,17,2015-11-30 19:29:40.865033,f,,,,,,
replication,96,794,795,132,17,2015-11-30 19:29:41.892212,f,,,,,,
replication,97,810,811,133,17,2015-11-30 19:29:43.821425,f,,,,,,
replication,20,115,116,56,1,2015-11-30 19:28:07.219186,t,2015-11-30 19:39:38.08674,,,,,
replication,14,76,77,50,1,2015-11-30 19:27:49.666817,t,2015-11-30 19:39:42.112841,,,,,
replication,27,167,168,63,2,2015-11-30 19:28:15.49846,t,2015-11-30 19:39:42.162476,,,,,
replication,54,403,404,90,3,2015-11-30 19:28:53.418207,t,2015-11-30 19:39:42.200378,,,,,
replication,62,469,470,98,1,2015-11-30 19:29:02.63183,t,2015-11-30 19:46:04.133999,,,,,
replication,83,672,674,119,2,2015-11-30 19:29:27.597253,t,2015-11-30 19:46:04.165869,,,,,
replication,98,814,815,134,11,2015-11-30 19:29:44.111223,f,,,,,,
replication,105,875,876,141,4,2015-11-30 19:29:50.982148,f,,,,,,
replication,134,1170,1171,170,4,2015-11-30 19:30:29.160962,f,,,,,,
replication,161,1384,1385,197,12,2015-11-30 19:30:51.038787,f,,,,,,
replication,182,1633,1634,218,15,2015-11-30 19:31:15.2415,f,,,,,,
replication,193,1702,1703,229,12,2015-11-30 19:31:21.716802,f,,,,,,
replication,205,1806,1807,241,16,2015-11-30 19:31:33.685287,f,,,,,,
replication,207,1854,1855,243,5,2015-11-30 19:31:37.68764,f,,,,,,
replication,117,985,987,153,3,2015-11-30 19:30:06.087106,t,2015-11-30 19:33:32.849224,,,,,
replication,99,827,828,135,10,2015-11-30 19:29:45.882489,f,,,,,,
replication,100,831,832,136,3,2015-11-30 19:29:45.989814,f,,,,,,
replication,101,834,835,137,15,2015-11-30 19:29:46.166601,f,,,,,,
replication,103,857,858,139,8,2015-11-30 19:29:49.045214,f,,,,,,
replication,104,872,873,140,11,2015-11-30 19:29:50.701653,f,,,,,,
replication,107,888,889,143,8,2015-11-30 19:29:53.344591,f,,,,,,
replication,109,918,920,145,15,2015-11-30 19:29:58.476676,f,,,,,,
replication,110,940,941,146,7,2015-11-30 19:30:01.091577,f,,,,,,
replication,111,942,943,147,4,2015-11-30 19:30:01.301823,f,,,,,,
replication,112,963,965,148,17,2015-11-30 19:30:04.225463,f,,,,,,
replication,114,971,973,150,1,2015-11-30 19:30:04.690835,f,,,,,,
replication,116,977,979,152,11,2015-11-30 19:30:04.973099,f,,,,,,
replication,119,1011,1012,155,13,2015-11-30 19:30:08.345435,f,,,,,,
replication,121,1023,1024,157,2,2015-11-30 19:30:09.778761,f,,,,,,
replication,140,1228,1230,176,5,2015-11-30 19:30:35.28936,f,,,,,,
replication,141,1232,1234,177,17,2015-11-30 19:30:35.526316,f,,,,,,
replication,143,1253,1254,179,3,2015-11-30 19:30:37.260878,f,,,,,,
replication,149,1294,1295,185,18,2015-11-30 19:30:40.877303,f,,,,,,
replication,154,1326,1327,190,13,2015-11-30 19:30:44.804408,f,,,,,,
replication,156,1339,1340,192,1,2015-11-30 19:30:46.18696,f,,,,,,
replication,157,1345,1347,193,12,2015-11-30 19:30:47.26074,f,,,,,,
replication,165,1412,1414,201,15,2015-11-30 19:30:54.245268,f,,,,,,
replication,166,1431,1433,202,16,2015-11-30 19:30:57.217565,f,,,,,,
replication,169,1470,1471,205,3,2015-11-30 19:31:02.974607,f,,,,,,
replication,170,1488,1489,206,9,2015-11-30 19:31:04.474644,f,,,,,,
replication,176,1579,1582,212,18,2015-11-30 19:31:11.97417,f,,,,,,
replication,177,1588,1590,213,15,2015-11-30 19:31:12.560444,f,,,,,,
replication,180,1621,1622,216,5,2015-11-30 19:31:14.439646,f,,,,,,
replication,184,1649,1650,220,10,2015-11-30 19:31:16.267014,f,,,,,,
replication,187,1662,1663,223,4,2015-11-30 19:31:17.281101,f,,,,,,
replication,188,1681,1682,224,14,2015-11-30 19:31:19.956829,f,,,,,,
replication,190,1686,1687,226,4,2015-11-30 19:31:20.149044,f,,,,,,
replication,192,1697,1700,228,3,2015-11-30 19:31:21.45671,f,,,,,,
replication,200,1756,1757,236,14,2015-11-30 19:31:28.561192,f,,,,,,
replication,203,1792,1793,239,4,2015-11-30 19:31:32.787128,f,,,,,,
replication,206,1814,1815,242,1,2015-11-30 19:31:34.330222,f,,,,,,
replication,211,1892,1893,247,3,2015-11-30 19:31:40.035153,f,,,,,,
replication,145,1267,1269,181,15,2015-11-30 19:30:38.452745,t,2015-11-30 19:33:32.818076,,,,,
replication,174,1544,1546,210,13,2015-11-30 19:31:09.706438,t,2015-11-30 19:33:32.879528,,,,,
replication,102,852,853,138,14,2015-11-30 19:29:48.670334,t,2015-11-30 19:39:38.182279,,,,,
replication,135,1177,1178,171,9,2015-11-30 19:30:29.66486,t,2015-11-30 19:39:38.213511,,,,,
replication,130,1090,1091,166,5,2015-11-30 19:30:19.919312,t,2015-11-30 19:39:42.462629,,,,,
replication,172,1505,1507,208,9,2015-11-30 19:31:06.259073,t,2015-11-30 19:39:42.494045,,,,,
replication,179,1618,1620,215,1,2015-11-30 19:31:14.316084,t,2015-11-30 19:42:39.09513,,,,,
replication,108,907,908,144,1,2015-11-30 19:29:57.054509,t,2015-11-30 19:57:18.277254,,,,,
replication,106,883,884,142,2,2015-11-30 19:29:51.866969,f,,,,,,
replication,113,967,968,149,6,2015-11-30 19:30:04.585935,f,,,,,,
replication,115,975,976,151,4,2015-11-30 19:30:04.908948,f,,,,,,
replication,120,1020,1021,156,14,2015-11-30 19:30:09.557752,f,,,,,,
replication,122,1040,1041,158,1,2015-11-30 19:30:12.021913,f,,,,,,
replication,123,1054,1055,159,10,2015-11-30 19:30:13.471519,f,,,,,,
replication,124,1056,1057,160,11,2015-11-30 19:30:13.553062,f,,,,,,
replication,125,1066,1067,161,11,2015-11-30 19:30:15.018994,f,,,,,,
replication,126,1072,1073,162,5,2015-11-30 19:30:16.228885,f,,,,,,
replication,127,1075,1076,163,14,2015-11-30 19:30:16.499872,f,,,,,,
replication,128,1080,1081,164,4,2015-11-30 19:30:17.566581,f,,,,,,
replication,129,1082,1083,165,1,2015-11-30 19:30:17.826634,f,,,,,,
replication,131,1122,1123,167,13,2015-11-30 19:30:24.967194,f,,,,,,
replication,132,1139,1140,168,13,2015-11-30 19:30:26.388206,f,,,,,,
replication,133,1141,1142,169,5,2015-11-30 19:30:26.564601,f,,,,,,
replication,136,1184,1185,172,6,2015-11-30 19:30:30.650738,f,,,,,,
replication,137,1193,1194,173,13,2015-11-30 19:30:31.675121,f,,,,,,
replication,138,1195,1196,174,2,2015-11-30 19:30:31.795557,f,,,,,,
replication,139,1207,1208,175,18,2015-11-30 19:30:32.938638,f,,,,,,
replication,142,1247,1248,178,18,2015-11-30 19:30:36.974024,f,,,,,,
replication,144,1260,1262,180,4,2015-11-30 19:30:37.96567,f,,,,,,
replication,146,1275,1276,182,5,2015-11-30 19:30:39.031835,f,,,,,,
replication,147,1279,1281,183,9,2015-11-30 19:30:39.386636,f,,,,,,
replication,148,1288,1290,184,13,2015-11-30 19:30:40.403225,f,,,,,,
replication,150,1302,1303,186,16,2015-11-30 19:30:42.039942,f,,,,,,
replication,151,1307,1308,187,3,2015-11-30 19:30:42.339531,f,,,,,,
replication,153,1321,1323,189,15,2015-11-30 19:30:44.492469,f,,,,,,
replication,155,1328,1329,191,2,2015-11-30 19:30:44.884279,f,,,,,,
replication,158,1358,1359,194,1,2015-11-30 19:30:48.75456,f,,,,,,
replication,159,1372,1374,195,17,2015-11-30 19:30:50.152544,f,,,,,,
replication,160,1376,1377,196,1,2015-11-30 19:30:50.303606,f,,,,,,
replication,163,1400,1401,199,8,2015-11-30 19:30:52.729892,f,,,,,,
replication,164,1407,1408,200,13,2015-11-30 19:30:53.5771,f,,,,,,
replication,167,1451,1453,203,2,2015-11-30 19:31:00.273455,f,,,,,,
replication,168,1463,1464,204,15,2015-11-30 19:31:01.75991,f,,,,,,
replication,171,1503,1504,207,10,2015-11-30 19:31:06.044433,f,,,,,,
replication,173,1537,1538,209,2,2015-11-30 19:31:09.26869,f,,,,,,
replication,175,1549,1550,211,18,2015-11-30 19:31:09.791597,f,,,,,,
replication,178,1613,1614,214,2,2015-11-30 19:31:14.195067,f,,,,,,
replication,181,1623,1624,217,11,2015-11-30 19:31:14.478069,f,,,,,,
replication,183,1637,1639,219,9,2015-11-30 19:31:15.390738,f,,,,,,
replication,185,1653,1654,221,6,2015-11-30 19:31:16.499698,f,,,,,,
replication,186,1658,1659,222,2,2015-11-30 19:31:17.037052,f,,,,,,
replication,189,1683,1685,225,7,2015-11-30 19:31:20.049068,f,,,,,,
replication,191,1696,1698,227,4,2015-11-30 19:31:21.41756,f,,,,,,
replication,194,1713,1714,230,7,2015-11-30 19:31:23.276866,f,,,,,,
replication,195,1719,1720,231,11,2015-11-30 19:31:24.354068,f,,,,,,
replication,197,1743,1744,233,8,2015-11-30 19:31:27.415489,f,,,,,,
replication,198,1745,1746,234,9,2015-11-30 19:31:27.563438,f,,,,,,
replication,199,1747,1748,235,1,2015-11-30 19:31:27.634155,f,,,,,,
replication,202,1790,1791,238,15,2015-11-30 19:31:32.742547,f,,,,,,
replication,204,1799,1800,240,5,2015-11-30 19:31:33.035279,f,,,,,,
replication,208,1857,1859,244,9,2015-11-30 19:31:37.750131,f,,,,,,
replication,209,1862,1863,245,4,2015-11-30 19:31:38.071572,f,,,,,,
replication,210,1879,1880,246,16,2015-11-30 19:31:39.144939,f,,,,,,
replication,214,1926,1927,250,12,2015-11-30 19:31:42.778618,f,,,,,,
replication,216,1945,1947,252,13,2015-11-30 19:31:44.147081,f,,,,,,
replication,217,1946,1948,253,14,2015-11-30 19:31:44.156314,f,,,,,,
replication,218,1954,1955,254,9,2015-11-30 19:31:44.878627,f,,,,,,
replication,219,1965,1966,255,14,2015-11-30 19:31:45.62657,f,,,,,,
replication,220,1973,1974,256,18,2015-11-30 19:31:46.112789,f,,,,,,
replication,221,1980,1983,257,3,2015-11-30 19:31:46.562862,f,,,,,,
replication,222,1992,1994,258,9,2015-11-30 19:31:47.372672,f,,,,,,
replication,223,1998,1999,259,3,2015-11-30 19:31:47.792338,f,,,,,,
replication,224,2003,2004,260,15,2015-11-30 19:31:48.080567,f,,,,,,
replication,225,2009,2010,261,7,2015-11-30 19:31:48.309343,f,,,,,,
replication,226,2016,2017,262,14,2015-11-30 19:31:48.744686,f,,,,,,
replication,227,2030,2031,263,15,2015-11-30 19:31:50.154915,f,,,,,,
replication,228,2039,2040,264,7,2015-11-30 19:31:50.733855,f,,,,,,
replication,229,2042,2043,265,3,2015-11-30 19:31:50.937059,f,,,,,,
replication,230,2048,2049,266,6,2015-11-30 19:31:51.621043,f,,,,,,
replication,231,2052,2053,267,5,2015-11-30 19:31:51.939038,f,,,,,,
replication,232,2065,2066,268,2,2015-11-30 19:31:54.03772,f,,,,,,
replication,235,2127,2131,271,8,2015-11-30 19:32:01.03877,f,,,,,,
replication,236,2134,2135,272,18,2015-11-30 19:32:01.217569,f,,,,,,
replication,237,2145,2147,273,16,2015-11-30 19:32:01.933855,f,,,,,,
replication,238,2152,2153,274,13,2015-11-30 19:32:02.242128,f,,,,,,
replication,239,2166,2167,275,7,2015-11-30 19:32:03.127631,f,,,,,,
replication,240,2182,2184,276,17,2015-11-30 19:32:04.251749,f,,,,,,
replication,241,2195,2197,277,2,2015-11-30 19:32:04.893371,f,,,,,,
replication,242,2201,2202,278,12,2015-11-30 19:32:05.300262,f,,,,,,
replication,243,2223,2226,279,11,2015-11-30 19:32:06.850667,f,,,,,,
replication,244,2228,2229,280,9,2015-11-30 19:32:06.905327,f,,,,,,
replication,245,2233,2234,281,16,2015-11-30 19:32:07.182163,f,,,,,,
replication,246,2242,2243,282,14,2015-11-30 19:32:07.638335,f,,,,,,
replication,162,1389,1390,198,17,2015-11-30 19:30:51.317597,t,2015-11-30 19:39:38.338835,,,,,
replication,213,1917,1919,249,18,2015-11-30 19:31:42.015129,t,2015-11-30 19:39:42.620548,,,,,
replication,215,1930,1931,251,2,2015-11-30 19:31:42.898139,t,2015-11-30 19:42:38.814412,,,,,
replication,247,2244,2245,283,3,2015-11-30 19:32:07.730789,t,2015-11-30 19:42:39.289937,,,,,
replication,118,1007,1009,154,3,2015-11-30 19:30:08.14455,t,2015-11-30 19:46:04.351336,,,,,
replication,152,1315,1318,188,18,2015-11-30 19:30:43.816783,t,2015-11-30 19:46:04.414632,,,,,
replication,201,1774,1775,237,14,2015-11-30 19:31:30.914761,t,2015-11-30 19:46:04.457396,,,,,
replication,249,2253,2254,285,16,2015-11-30 19:32:08.243511,f,,,,,,
replication,251,2266,2267,287,17,2015-11-30 19:32:09.158656,f,,,,,,
replication,260,2349,2350,296,10,2015-11-30 19:32:19.002325,f,,,,,,
replication,277,2550,2552,313,9,2015-11-30 19:32:32.867813,f,,,,,,
replication,288,2618,2619,324,11,2015-11-30 19:32:38.195008,f,,,,,,
replication,250,2255,2256,286,8,2015-11-30 19:32:08.382816,f,,,,,,
replication,252,2271,2272,288,14,2015-11-30 19:32:09.615384,f,,,,,,
replication,264,2412,2413,300,7,2015-11-30 19:32:25.264183,f,,,,,,
replication,278,2553,2554,314,9,2015-11-30 19:32:32.912002,f,,,,,,
replication,285,2601,2602,321,11,2015-11-30 19:32:36.779164,f,,,,,,
replication,262,2393,2394,298,8,2015-11-30 19:32:23.635045,f,,,,,,
replication,253,2284,2285,289,7,2015-11-30 19:32:11.212328,t,2015-11-30 19:39:42.557455,,,,,
replication,254,2291,2292,290,12,2015-11-30 19:32:11.934809,f,,,,,,
replication,272,2514,2517,308,10,2015-11-30 19:32:31.110956,f,,,,,,
replication,289,2626,2628,325,10,2015-11-30 19:32:39.610956,f,,,,,,
replication,255,2300,2301,291,9,2015-11-30 19:32:12.807236,f,,,,,,
replication,279,2557,2559,315,3,2015-11-30 19:32:33.017517,f,,,,,,
replication,256,2308,2309,292,17,2015-11-30 19:32:13.881814,f,,,,,,
replication,275,2534,2536,311,12,2015-11-30 19:32:31.914772,f,,,,,,
replication,257,2312,2314,293,17,2015-11-30 19:32:14.117024,f,,,,,,
replication,266,2421,2423,302,17,2015-11-30 19:32:25.853856,f,,,,,,
replication,269,2476,2478,305,13,2015-11-30 19:32:29.10866,f,,,,,,
replication,280,2562,2564,316,7,2015-11-30 19:32:33.207096,f,,,,,,
replication,258,2327,2329,294,1,2015-11-30 19:32:16.72956,f,,,,,,
replication,261,2381,2383,297,16,2015-11-30 19:32:22.453803,f,,,,,,
replication,263,2400,2401,299,18,2015-11-30 19:32:24.167089,f,,,,,,
replication,270,2500,2502,306,15,2015-11-30 19:32:30.380742,f,,,,,,
replication,276,2541,2543,312,9,2015-11-30 19:32:32.590732,f,,,,,,
replication,259,2335,2336,295,9,2015-11-30 19:32:17.216967,f,,,,,,
replication,287,2608,2609,323,11,2015-11-30 19:32:37.452491,f,,,,,,
replication,265,2414,2415,301,12,2015-11-30 19:32:25.353075,t,2015-11-30 19:39:38.276303,,,,,
replication,267,2433,2435,303,9,2015-11-30 19:32:26.567773,f,,,,,,
replication,268,2462,2464,304,1,2015-11-30 19:32:28.619253,f,,,,,,
replication,282,2577,2578,318,11,2015-11-30 19:32:34.774122,f,,,,,,
replication,286,2605,2606,322,14,2015-11-30 19:32:37.280934,f,,,,,,
replication,283,2580,2581,319,11,2015-11-30 19:32:34.916555,t,2015-11-30 19:33:32.933346,,,,,
replication,274,2528,2529,310,16,2015-11-30 19:32:31.713419,t,2015-11-30 19:46:04.638895,,,,,
replication,271,2513,2516,307,9,2015-11-30 19:32:31.088027,f,,,,,,
replication,284,2582,2583,320,14,2015-11-30 19:32:34.95799,f,,,,,,
replication,281,2567,2568,317,10,2015-11-30 19:32:33.609092,f,,,,,,
replication,273,2515,2518,309,15,2015-11-30 19:32:31.11019,t,2015-11-30 19:42:39.055151,,,,,
replication,290,2632,2634,326,3,2015-11-30 19:32:40.814244,f,,,,,,
replication,292,2665,2668,328,2,2015-11-30 19:32:44.119869,f,,,,,,
replication,293,2667,2669,329,7,2015-11-30 19:32:44.116891,f,,,,,,
replication,294,2675,2676,330,17,2015-11-30 19:32:45.06676,f,,,,,,
replication,295,2682,2683,331,18,2015-11-30 19:32:45.831621,f,,,,,,
replication,297,2697,2698,333,1,2015-11-30 19:32:47.286387,f,,,,,,
replication,298,2699,2700,334,14,2015-11-30 19:32:47.320139,f,,,,,,
replication,299,2714,2716,335,8,2015-11-30 19:32:48.967381,f,,,,,,
replication,300,2727,2728,336,12,2015-11-30 19:32:50.077202,f,,,,,,
replication,302,2762,2763,338,1,2015-11-30 19:32:52.337123,f,,,,,,
replication,303,2766,2767,339,2,2015-11-30 19:32:52.472318,f,,,,,,
replication,304,2793,2794,340,10,2015-11-30 19:32:54.329228,f,,,,,,
replication,305,2802,2803,341,5,2015-11-30 19:32:54.656825,f,,,,,,
replication,307,2807,2808,343,4,2015-11-30 19:32:54.838186,f,,,,,,
replication,308,2812,2814,344,4,2015-11-30 19:32:55.184555,f,,,,,,
replication,309,2819,2821,345,12,2015-11-30 19:32:55.569452,f,,,,,,
replication,310,2827,2828,346,6,2015-11-30 19:32:55.954412,f,,,,,,
replication,311,2848,2849,347,9,2015-11-30 19:32:57.536031,f,,,,,,
replication,312,2852,2853,348,5,2015-11-30 19:32:57.777169,f,,,,,,
replication,314,2875,2876,350,15,2015-11-30 19:32:59.164384,f,,,,,,
replication,316,2899,2900,352,6,2015-11-30 19:33:00.822064,f,,,,,,
replication,317,2903,2904,353,12,2015-11-30 19:33:01.115849,f,,,,,,
replication,318,2908,2909,354,17,2015-11-30 19:33:01.412431,f,,,,,,
replication,319,2912,2913,355,17,2015-11-30 19:33:01.674565,f,,,,,,
replication,320,2919,2920,356,6,2015-11-30 19:33:02.134441,f,,,,,,
replication,321,2923,2925,357,8,2015-11-30 19:33:02.222291,f,,,,,,
replication,323,2930,2931,359,9,2015-11-30 19:33:02.985675,f,,,,,,
replication,324,2952,2953,360,7,2015-11-30 19:33:05.70384,f,,,,,,
replication,325,2963,2964,361,9,2015-11-30 19:33:06.784282,f,,,,,,
replication,326,2968,2969,362,16,2015-11-30 19:33:07.28575,f,,,,,,
replication,327,2987,2988,363,10,2015-11-30 19:33:09.150369,f,,,,,,
replication,328,2998,3000,364,5,2015-11-30 19:33:10.161903,f,,,,,,
replication,329,3004,3005,365,7,2015-11-30 19:33:10.537506,f,,,,,,
replication,330,3009,3010,366,9,2015-11-30 19:33:11.034146,f,,,,,,
replication,331,3018,3020,367,5,2015-11-30 19:33:11.77244,f,,,,,,
replication,332,3035,3036,368,8,2015-11-30 19:33:13.201448,f,,,,,,
replication,333,3065,3067,369,2,2015-11-30 19:33:15.06991,f,,,,,,
replication,334,3101,3102,370,3,2015-11-30 19:33:17.67828,f,,,,,,
replication,335,3104,3106,371,2,2015-11-30 19:33:17.839921,f,,,,,,
replication,337,3108,3110,373,6,2015-11-30 19:33:17.960635,f,,,,,,
replication,338,3114,3117,374,14,2015-11-30 19:33:18.169107,f,,,,,,
replication,339,3118,3119,375,3,2015-11-30 19:33:18.201952,f,,,,,,
replication,341,3129,3131,377,16,2015-11-30 19:33:18.989224,f,,,,,,
replication,342,3134,3135,378,17,2015-11-30 19:33:19.430853,f,,,,,,
replication,343,3136,3137,379,15,2015-11-30 19:33:19.475423,f,,,,,,
replication,344,3159,3160,380,9,2015-11-30 19:33:21.33723,f,,,,,,
replication,345,3168,3169,381,8,2015-11-30 19:33:21.907826,f,,,,,,
replication,346,3174,3175,382,18,2015-11-30 19:33:22.3026,f,,,,,,
replication,347,3179,3181,383,5,2015-11-30 19:33:22.712658,f,,,,,,
replication,350,3203,3204,386,8,2015-11-30 19:33:24.47698,f,,,,,,
replication,351,3226,3227,387,6,2015-11-30 19:33:26.867708,f,,,,,,
replication,352,3243,3244,388,15,2015-11-30 19:33:28.258189,f,,,,,,
replication,353,3265,3266,389,14,2015-11-30 19:33:29.997469,f,,,,,,
replication,354,3276,3277,390,15,2015-11-30 19:33:30.722144,f,,,,,,
replication,357,3301,3302,393,12,2015-11-30 19:33:32.50313,f,,,,,,
replication,92,747,748,128,2,2015-11-30 19:29:36.844733,t,2015-11-30 19:33:32.723117,,,,,
replication,68,531,532,104,1,2015-11-30 19:29:10.915949,t,2015-11-30 19:33:32.755673,,,,,
replication,212,1897,1898,248,8,2015-11-30 19:31:40.40578,t,2015-11-30 19:33:32.785962,,,,,
replication,248,2248,2249,284,10,2015-11-30 19:32:07.811825,t,2015-11-30 19:33:32.90975,,,,,
replication,358,3306,3308,394,8,2015-11-30 19:33:32.927745,f,,,,,,
replication,359,3320,3321,395,17,2015-11-30 19:33:33.926046,f,,,,,,
replication,360,3331,3333,396,16,2015-11-30 19:33:35.19209,f,,,,,,
replication,361,3339,3340,397,10,2015-11-30 19:33:35.607978,f,,,,,,
replication,362,3341,3342,398,6,2015-11-30 19:33:35.667949,f,,,,,,
replication,363,3363,3364,399,10,2015-11-30 19:33:37.582384,f,,,,,,
replication,364,3365,3367,400,6,2015-11-30 19:33:37.657756,f,,,,,,
replication,365,3377,3379,401,11,2015-11-30 19:33:38.621093,f,,,,,,
replication,366,3389,3391,402,4,2015-11-30 19:33:39.408583,f,,,,,,
replication,367,3392,3394,403,18,2015-11-30 19:33:39.466478,f,,,,,,
replication,368,3417,3418,404,8,2015-11-30 19:33:41.303191,f,,,,,,
replication,369,3420,3421,405,1,2015-11-30 19:33:41.41944,f,,,,,,
replication,370,3430,3431,406,14,2015-11-30 19:33:41.964711,f,,,,,,
replication,371,3437,3438,407,13,2015-11-30 19:33:42.3933,f,,,,,,
replication,372,3446,3449,408,3,2015-11-30 19:33:42.850078,f,,,,,,
replication,374,3479,3480,410,13,2015-11-30 19:33:44.969315,f,,,,,,
replication,375,3489,3490,411,4,2015-11-30 19:33:45.662783,f,,,,,,
replication,376,3501,3503,412,4,2015-11-30 19:33:46.482177,f,,,,,,
replication,377,3512,3514,413,6,2015-11-30 19:33:47.098788,f,,,,,,
replication,378,3513,3515,414,11,2015-11-30 19:33:47.113363,f,,,,,,
replication,379,3527,3528,415,15,2015-11-30 19:33:48.565715,f,,,,,,
replication,380,3537,3538,416,13,2015-11-30 19:33:48.957223,f,,,,,,
replication,381,3540,3541,417,3,2015-11-30 19:33:49.075995,f,,,,,,
replication,336,3107,3109,372,16,2015-11-30 19:33:17.945348,t,2015-11-30 19:39:42.301207,,,,,
replication,296,2689,2690,332,14,2015-11-30 19:32:46.842223,t,2015-11-30 19:39:42.58949,,,,,
replication,349,3194,3195,385,6,2015-11-30 19:33:23.589713,t,2015-11-30 19:42:39.324232,,,,,
replication,313,2871,2872,349,4,2015-11-30 19:32:58.900957,t,2015-11-30 19:42:39.47399,,,,,
replication,306,2804,2805,342,1,2015-11-30 19:32:54.697852,t,2015-11-30 19:46:01.556839,,,,,
replication,355,3289,3291,391,2,2015-11-30 19:33:31.780673,t,2015-11-30 19:46:01.590917,,,,,
replication,322,2926,2927,358,8,2015-11-30 19:33:02.58229,t,2015-11-30 19:46:04.197272,,,,,
replication,291,2654,2657,327,1,2015-11-30 19:32:43.701319,t,2015-11-30 19:47:46.40508,,,,,
replication,340,3124,3126,376,2,2015-11-30 19:33:18.726645,t,2015-11-30 19:47:46.439453,,,,,
replication,356,3292,3293,392,1,2015-11-30 19:33:31.823447,t,2015-11-30 19:54:36.059948,,,,,
replication,315,2892,2893,351,2,2015-11-30 19:33:00.397428,t,2015-11-30 19:57:18.178689,,,,,
replication,382,3545,3546,418,7,2015-11-30 19:33:49.325593,f,,,,,,
replication,413,3841,3843,449,13,2015-11-30 19:34:12.917122,f,,,,,,
replication,476,4472,4474,512,15,2015-11-30 19:35:01.655744,f,,,,,,
replication,483,4530,4531,519,11,2015-11-30 19:35:06.827057,f,,,,,,
replication,496,4686,4687,532,16,2015-11-30 19:35:17.803797,f,,,,,,
replication,500,4742,4743,536,12,2015-11-30 19:35:21.258864,f,,,,,,
replication,385,3555,3557,421,14,2015-11-30 19:33:49.91573,t,2015-11-30 19:42:39.398215,,,,,
replication,455,4243,4245,491,12,2015-11-30 19:34:45.174648,t,2015-11-30 19:47:46.570986,,,,,
replication,383,3550,3552,419,10,2015-11-30 19:33:49.69336,f,,,,,,
replication,411,3818,3819,447,16,2015-11-30 19:34:11.681594,f,,,,,,
replication,434,4038,4039,470,18,2015-11-30 19:34:29.083355,f,,,,,,
replication,436,4078,4079,472,7,2015-11-30 19:34:32.9381,f,,,,,,
replication,440,4096,4097,476,18,2015-11-30 19:34:34.410574,f,,,,,,
replication,456,4264,4265,492,16,2015-11-30 19:34:46.442966,f,,,,,,
replication,469,4418,4419,505,10,2015-11-30 19:34:57.681457,f,,,,,,
replication,478,4485,4487,514,15,2015-11-30 19:35:02.921844,f,,,,,,
replication,484,4536,4537,520,6,2015-11-30 19:35:07.089006,f,,,,,,
replication,511,4838,4840,547,15,2015-11-30 19:35:29.264027,f,,,,,,
replication,521,4936,4937,557,8,2015-11-30 19:35:37.162353,f,,,,,,
replication,527,4980,4982,563,7,2015-11-30 19:35:40.205845,f,,,,,,
replication,412,3837,3839,448,17,2015-11-30 19:34:12.783467,t,2015-11-30 19:42:38.893939,,,,,
replication,384,3553,3554,420,15,2015-11-30 19:33:49.768386,f,,,,,,
replication,386,3560,3561,422,13,2015-11-30 19:33:50.222573,f,,,,,,
replication,388,3568,3570,424,11,2015-11-30 19:33:51.118613,f,,,,,,
replication,396,3682,3683,432,7,2015-11-30 19:34:03.478625,f,,,,,,
replication,399,3713,3714,435,7,2015-11-30 19:34:05.230412,f,,,,,,
replication,400,3728,3729,436,17,2015-11-30 19:34:06.359864,f,,,,,,
replication,423,3935,3936,459,6,2015-11-30 19:34:19.78959,f,,,,,,
replication,438,4082,4083,474,1,2015-11-30 19:34:33.288128,f,,,,,,
replication,452,4218,4220,488,17,2015-11-30 19:34:43.114278,f,,,,,,
replication,390,3577,3578,426,1,2015-11-30 19:33:51.85325,t,2015-11-30 19:34:52.907458,,,,,
replication,492,4661,4662,528,10,2015-11-30 19:35:16.573865,f,,,,,,
replication,508,4809,4810,544,4,2015-11-30 19:35:26.605835,f,,,,,,
replication,510,4817,4818,546,17,2015-11-30 19:35:27.214674,f,,,,,,
replication,515,4867,4869,551,7,2015-11-30 19:35:31.145316,f,,,,,,
replication,460,4307,4308,496,18,2015-11-30 19:34:49.484565,t,2015-11-30 19:39:38.402616,,,,,
replication,468,4403,4405,504,7,2015-11-30 19:34:56.723045,t,2015-11-30 19:42:39.174325,,,,,
replication,502,4760,4762,538,11,2015-11-30 19:35:22.387963,t,2015-11-30 19:47:46.505949,,,,,
replication,422,3930,3931,458,2,2015-11-30 19:34:19.568344,t,2015-11-30 19:54:36.026975,,,,,
replication,467,4376,4377,503,3,2015-11-30 19:34:54.334365,t,2015-11-30 19:57:18.340964,,,,,
replication,397,3687,3688,433,4,2015-11-30 19:34:03.824066,f,,,,,,
replication,406,3769,3770,442,16,2015-11-30 19:34:08.566376,f,,,,,,
replication,416,3891,3892,452,12,2015-11-30 19:34:16.984949,f,,,,,,
replication,442,4117,4119,478,5,2015-11-30 19:34:35.642582,f,,,,,,
replication,453,4222,4223,489,18,2015-11-30 19:34:43.340397,f,,,,,,
replication,463,4332,4334,499,12,2015-11-30 19:34:51.197419,f,,,,,,
replication,475,4461,4462,511,6,2015-11-30 19:35:00.950884,f,,,,,,
replication,503,4767,4769,539,8,2015-11-30 19:35:22.848657,f,,,,,,
replication,509,4815,4816,545,3,2015-11-30 19:35:26.902578,f,,,,,,
replication,516,4885,4886,552,8,2015-11-30 19:35:32.494539,f,,,,,,
replication,518,4920,4921,554,14,2015-11-30 19:35:36.398229,f,,,,,,
replication,387,3564,3565,423,8,2015-11-30 19:33:50.772434,t,2015-11-30 19:39:42.333883,,,,,
replication,524,4955,4956,560,3,2015-11-30 19:35:38.321803,t,2015-11-30 19:54:36.093355,,,,,
replication,389,3571,3572,425,8,2015-11-30 19:33:51.2427,f,,,,,,
replication,409,3797,3799,445,18,2015-11-30 19:34:10.248046,f,,,,,,
replication,420,3922,3924,456,11,2015-11-30 19:34:19.085135,f,,,,,,
replication,433,4031,4032,469,15,2015-11-30 19:34:28.703714,f,,,,,,
replication,447,4171,4173,483,16,2015-11-30 19:34:39.713524,f,,,,,,
replication,449,4197,4198,485,16,2015-11-30 19:34:41.92962,f,,,,,,
replication,454,4242,4244,490,7,2015-11-30 19:34:45.146854,f,,,,,,
replication,461,4312,4313,497,4,2015-11-30 19:34:49.955112,f,,,,,,
replication,465,4359,4360,501,13,2015-11-30 19:34:53.416761,f,,,,,,
replication,494,4676,4677,530,8,2015-11-30 19:35:17.131419,f,,,,,,
replication,513,4859,4861,549,16,2015-11-30 19:35:30.729956,f,,,,,,
replication,522,4946,4948,558,4,2015-11-30 19:35:37.900306,t,2015-11-30 19:46:01.914927,,,,,
replication,391,3581,3584,427,3,2015-11-30 19:33:52.243741,t,2015-11-30 19:47:46.639918,,,,,
replication,392,3585,3586,428,13,2015-11-30 19:33:52.530195,f,,,,,,
replication,393,3600,3601,429,4,2015-11-30 19:33:54.899078,f,,,,,,
replication,394,3637,3638,430,10,2015-11-30 19:33:59.515556,f,,,,,,
replication,402,3750,3752,438,13,2015-11-30 19:34:07.681494,f,,,,,,
replication,405,3763,3767,441,14,2015-11-30 19:34:08.251639,f,,,,,,
replication,407,3786,3788,443,14,2015-11-30 19:34:09.629914,f,,,,,,
replication,410,3800,3802,446,12,2015-11-30 19:34:10.400413,f,,,,,,
replication,414,3850,3851,450,9,2015-11-30 19:34:13.652054,f,,,,,,
replication,417,3905,3906,453,7,2015-11-30 19:34:18.003951,f,,,,,,
replication,418,3908,3909,454,17,2015-11-30 19:34:18.095053,f,,,,,,
replication,429,3992,3993,465,7,2015-11-30 19:34:25.496051,f,,,,,,
replication,441,4114,4116,477,15,2015-11-30 19:34:35.586815,f,,,,,,
replication,457,4267,4270,493,4,2015-11-30 19:34:46.788891,f,,,,,,
replication,459,4304,4306,495,10,2015-11-30 19:34:49.336464,f,,,,,,
replication,464,4335,4337,500,14,2015-11-30 19:34:51.290805,f,,,,,,
replication,466,4364,4365,502,5,2015-11-30 19:34:53.756313,f,,,,,,
replication,473,4448,4449,509,2,2015-11-30 19:34:59.560109,f,,,,,,
replication,480,4515,4516,516,4,2015-11-30 19:35:05.485673,f,,,,,,
replication,481,4520,4521,517,3,2015-11-30 19:35:05.723299,f,,,,,,
replication,482,4522,4523,518,7,2015-11-30 19:35:05.767666,f,,,,,,
replication,490,4627,4628,526,6,2015-11-30 19:35:13.452719,f,,,,,,
replication,491,4638,4639,527,16,2015-11-30 19:35:14.445198,f,,,,,,
replication,504,4774,4775,540,8,2015-11-30 19:35:23.4415,f,,,,,,
replication,528,4999,5001,564,13,2015-11-30 19:35:41.467051,f,,,,,,
replication,395,3641,3642,431,4,2015-11-30 19:33:59.911098,t,2015-11-30 19:39:38.494978,,,,,
replication,427,3971,3972,463,8,2015-11-30 19:34:23.300882,t,2015-11-30 19:39:38.587328,,,,,
replication,462,4326,4327,498,17,2015-11-30 19:34:50.878596,t,2015-11-30 19:39:42.682066,,,,,
replication,439,4092,4093,475,17,2015-11-30 19:34:34.123492,t,2015-11-30 19:46:04.38299,,,,,
replication,398,3707,3709,434,6,2015-11-30 19:34:04.87201,f,,,,,,
replication,426,3968,3969,462,7,2015-11-30 19:34:22.9546,f,,,,,,
replication,431,4009,4010,467,5,2015-11-30 19:34:26.933211,f,,,,,,
replication,435,4049,4050,471,10,2015-11-30 19:34:30.205981,f,,,,,,
replication,444,4136,4139,480,9,2015-11-30 19:34:36.888669,f,,,,,,
replication,450,4213,4214,486,16,2015-11-30 19:34:42.943147,f,,,,,,
replication,474,4450,4451,510,18,2015-11-30 19:34:59.608107,f,,,,,,
replication,477,4479,4481,513,17,2015-11-30 19:35:02.445718,f,,,,,,
replication,485,4542,4543,521,10,2015-11-30 19:35:07.579526,f,,,,,,
replication,401,3741,3742,437,6,2015-11-30 19:34:07.21061,f,,,,,,
replication,403,3760,3761,439,9,2015-11-30 19:34:08.094309,f,,,,,,
replication,408,3789,3790,444,11,2015-11-30 19:34:09.719972,f,,,,,,
replication,415,3868,3869,451,8,2015-11-30 19:34:14.97162,f,,,,,,
replication,428,3988,3989,464,2,2015-11-30 19:34:25.238842,f,,,,,,
replication,432,4013,4014,468,18,2015-11-30 19:34:27.089411,f,,,,,,
replication,437,4080,4081,473,9,2015-11-30 19:34:33.141358,f,,,,,,
replication,445,4161,4163,481,4,2015-11-30 19:34:39.210746,f,,,,,,
replication,446,4169,4170,482,14,2015-11-30 19:34:39.67526,f,,,,,,
replication,448,4189,4190,484,5,2015-11-30 19:34:41.40752,f,,,,,,
replication,487,4587,4588,523,11,2015-11-30 19:35:10.899,f,,,,,,
replication,493,4672,4674,529,10,2015-11-30 19:35:17.019524,f,,,,,,
replication,497,4697,4698,533,5,2015-11-30 19:35:18.318032,f,,,,,,
replication,506,4783,4784,542,4,2015-11-30 19:35:23.938603,f,,,,,,
replication,514,4863,4864,550,8,2015-11-30 19:35:30.870767,f,,,,,,
replication,520,4932,4935,556,4,2015-11-30 19:35:36.957545,f,,,,,,
replication,507,4790,4791,543,5,2015-11-30 19:35:24.575644,t,2015-11-30 19:39:38.244744,,,,,
replication,501,4754,4755,537,11,2015-11-30 19:35:21.882555,t,2015-11-30 19:39:42.366732,,,,,
replication,505,4777,4778,541,16,2015-11-30 19:35:23.550805,t,2015-11-30 19:42:38.932095,,,,,
replication,404,3762,3765,440,3,2015-11-30 19:34:08.228831,t,2015-11-30 19:46:01.849191,,,,,
replication,443,4131,4132,479,11,2015-11-30 19:34:36.666191,t,2015-11-30 19:46:01.881961,,,,,
replication,495,4683,4684,531,18,2015-11-30 19:35:17.573951,t,2015-11-30 19:57:18.243595,,,,,
replication,430,3996,3997,466,5,2015-11-30 19:34:25.608956,f,,,,,,
replication,472,4435,4437,508,10,2015-11-30 19:34:58.680729,f,,,,,,
replication,489,4624,4625,525,15,2015-11-30 19:35:13.350395,f,,,,,,
replication,512,4848,4849,548,10,2015-11-30 19:35:29.965803,f,,,,,,
replication,526,4966,4968,562,10,2015-11-30 19:35:38.833024,f,,,,,,
replication,419,3913,3914,455,8,2015-11-30 19:34:18.351667,t,2015-11-30 19:47:46.472868,,,,,
replication,425,3952,3953,461,12,2015-11-30 19:34:21.505901,f,,,,,,
replication,451,4215,4217,487,13,2015-11-30 19:34:43.001611,f,,,,,,
replication,458,4285,4287,494,11,2015-11-30 19:34:48.028993,f,,,,,,
replication,421,3928,3929,457,2,2015-11-30 19:34:19.50571,t,2015-11-30 19:34:52.931309,,,,,
replication,470,4426,4427,506,7,2015-11-30 19:34:58.284521,f,,,,,,
replication,471,4434,4436,507,12,2015-11-30 19:34:58.660445,f,,,,,,
replication,479,4500,4502,515,15,2015-11-30 19:35:04.321467,f,,,,,,
replication,486,4582,4584,522,9,2015-11-30 19:35:10.73577,f,,,,,,
replication,488,4604,4605,524,7,2015-11-30 19:35:12.359397,f,,,,,,
replication,498,4705,4706,534,11,2015-11-30 19:35:18.675436,f,,,,,,
replication,499,4709,4710,535,14,2015-11-30 19:35:18.951412,f,,,,,,
replication,517,4898,4899,553,15,2015-11-30 19:35:34.3169,f,,,,,,
replication,519,4930,4931,555,13,2015-11-30 19:35:36.899156,f,,,,,,
replication,523,4951,4953,559,5,2015-11-30 19:35:38.17361,f,,,,,,
replication,525,4959,4961,561,10,2015-11-30 19:35:38.612213,f,,,,,,
replication,529,5020,5023,565,4,2015-11-30 19:35:43.374324,f,,,,,,
replication,531,5035,5036,567,16,2015-11-30 19:35:44.164708,f,,,,,,
replication,532,5056,5059,568,16,2015-11-30 19:35:46.241216,f,,,,,,
replication,533,5062,5064,569,17,2015-11-30 19:35:46.408739,f,,,,,,
replication,534,5066,5067,570,5,2015-11-30 19:35:46.596789,f,,,,,,
replication,535,5068,5069,571,4,2015-11-30 19:35:46.687765,f,,,,,,
replication,536,5091,5092,572,18,2015-11-30 19:35:47.982682,f,,,,,,
replication,537,5093,5094,573,13,2015-11-30 19:35:48.037421,f,,,,,,
replication,538,5103,5104,574,17,2015-11-30 19:35:48.802011,f,,,,,,
replication,539,5115,5116,575,13,2015-11-30 19:35:49.650824,f,,,,,,
replication,540,5126,5127,576,8,2015-11-30 19:35:50.127013,f,,,,,,
replication,541,5129,5130,577,10,2015-11-30 19:35:50.278241,f,,,,,,
replication,543,5153,5154,579,17,2015-11-30 19:35:53.117271,f,,,,,,
replication,547,5177,5179,583,11,2015-11-30 19:35:54.696513,f,,,,,,
replication,548,5203,5204,584,18,2015-11-30 19:35:57.831627,f,,,,,,
replication,549,5219,5220,585,6,2015-11-30 19:35:59.288108,f,,,,,,
replication,550,5229,5230,586,15,2015-11-30 19:36:00.011415,f,,,,,,
replication,552,5240,5241,588,13,2015-11-30 19:36:00.708921,f,,,,,,
replication,553,5243,5244,589,7,2015-11-30 19:36:00.803077,f,,,,,,
replication,554,5262,5265,590,14,2015-11-30 19:36:02.66805,f,,,,,,
replication,555,5274,5275,591,4,2015-11-30 19:36:03.433529,f,,,,,,
replication,556,5295,5296,592,12,2015-11-30 19:36:05.035911,f,,,,,,
replication,557,5301,5303,593,11,2015-11-30 19:36:05.636653,f,,,,,,
replication,558,5311,5312,594,9,2015-11-30 19:36:06.275926,f,,,,,,
replication,559,5315,5316,595,6,2015-11-30 19:36:06.452349,f,,,,,,
replication,560,5328,5329,596,1,2015-11-30 19:36:07.929286,f,,,,,,
replication,561,5331,5332,597,18,2015-11-30 19:36:08.286661,f,,,,,,
replication,562,5339,5340,598,7,2015-11-30 19:36:08.830419,f,,,,,,
replication,563,5351,5352,599,9,2015-11-30 19:36:09.815043,f,,,,,,
replication,565,5365,5366,601,17,2015-11-30 19:36:10.830814,f,,,,,,
replication,566,5376,5377,602,6,2015-11-30 19:36:11.705894,f,,,,,,
replication,567,5409,5411,603,5,2015-11-30 19:36:14.409808,f,,,,,,
replication,568,5419,5420,604,14,2015-11-30 19:36:15.251684,f,,,,,,
replication,569,5433,5434,605,11,2015-11-30 19:36:16.118399,f,,,,,,
replication,570,5447,5448,606,18,2015-11-30 19:36:17.39767,f,,,,,,
replication,571,5460,5462,607,4,2015-11-30 19:36:18.285451,f,,,,,,
replication,572,5469,5472,608,6,2015-11-30 19:36:18.591727,f,,,,,,
replication,573,5474,5476,609,7,2015-11-30 19:36:18.71983,f,,,,,,
replication,574,5477,5479,610,7,2015-11-30 19:36:18.855077,f,,,,,,
replication,575,5493,5495,611,18,2015-11-30 19:36:20.165208,f,,,,,,
replication,576,5494,5496,612,4,2015-11-30 19:36:20.184447,f,,,,,,
replication,578,5509,5511,614,17,2015-11-30 19:36:21.049015,f,,,,,,
replication,579,5515,5516,615,12,2015-11-30 19:36:21.305078,f,,,,,,
replication,581,5544,5545,617,6,2015-11-30 19:36:23.7462,f,,,,,,
replication,583,5562,5563,619,14,2015-11-30 19:36:25.507468,f,,,,,,
replication,585,5577,5580,622,12,2015-11-30 19:36:26.678485,f,,,,,,
replication,586,5578,5581,621,10,2015-11-30 19:36:26.683941,f,,,,,,
replication,587,5617,5618,623,1,2015-11-30 19:36:30.246586,f,,,,,,
replication,588,5640,5641,624,2,2015-11-30 19:36:31.978843,f,,,,,,
replication,589,5642,5643,625,9,2015-11-30 19:36:32.129079,f,,,,,,
replication,590,5650,5651,626,7,2015-11-30 19:36:32.825617,f,,,,,,
replication,592,5671,5672,628,12,2015-11-30 19:36:34.011655,f,,,,,,
replication,593,5686,5687,629,5,2015-11-30 19:36:35.101911,f,,,,,,
replication,594,5697,5698,630,1,2015-11-30 19:36:35.99465,f,,,,,,
replication,595,5703,5705,631,10,2015-11-30 19:36:36.466824,f,,,,,,
replication,596,5712,5713,632,17,2015-11-30 19:36:37.114913,f,,,,,,
replication,597,5715,5716,633,16,2015-11-30 19:36:37.34583,f,,,,,,
replication,598,5722,5724,634,11,2015-11-30 19:36:37.835843,f,,,,,,
replication,599,5730,5731,635,15,2015-11-30 19:36:38.068137,f,,,,,,
replication,601,5762,5763,637,16,2015-11-30 19:36:41.20175,f,,,,,,
replication,602,5779,5780,638,5,2015-11-30 19:36:42.235666,f,,,,,,
replication,603,5781,5782,639,11,2015-11-30 19:36:42.281934,f,,,,,,
replication,604,5790,5792,640,11,2015-11-30 19:36:42.923011,f,,,,,,
replication,605,5801,5802,641,14,2015-11-30 19:36:43.700643,f,,,,,,
replication,606,5816,5818,642,5,2015-11-30 19:36:45.182211,f,,,,,,
replication,607,5830,5831,643,8,2015-11-30 19:36:46.396418,f,,,,,,
replication,545,5170,5172,581,16,2015-11-30 19:35:54.353529,t,2015-11-30 19:39:38.433422,,,,,
replication,424,3942,3943,460,4,2015-11-30 19:34:20.417347,t,2015-11-30 19:39:42.268824,,,,,
replication,551,5235,5237,587,9,2015-11-30 19:36:00.494733,t,2015-11-30 19:42:39.136817,,,,,
replication,584,5565,5567,620,11,2015-11-30 19:36:26.006771,t,2015-11-30 19:42:39.255066,,,,,
replication,577,5508,5510,613,8,2015-11-30 19:36:21.045003,t,2015-11-30 19:46:01.717891,,,,,
replication,600,5735,5736,636,5,2015-11-30 19:36:38.515719,t,2015-11-30 19:46:04.258019,,,,,
replication,544,5165,5166,580,7,2015-11-30 19:35:53.836465,t,2015-11-30 19:46:04.537639,,,,,
replication,546,5176,5178,582,14,2015-11-30 19:35:54.679902,t,2015-11-30 19:47:46.603182,,,,,
replication,608,5832,5835,644,9,2015-11-30 19:36:46.521177,t,2015-11-30 19:54:36.254307,,,,,
replication,530,5027,5029,566,14,2015-11-30 19:35:43.737367,t,2015-11-30 19:57:18.211108,,,,,
replication,591,5660,5661,627,11,2015-11-30 19:36:33.321726,t,2015-11-30 19:57:18.309387,,,,,
replication,609,5852,5853,645,5,2015-11-30 19:36:47.969666,f,,,,,,
replication,627,6019,6020,663,14,2015-11-30 19:37:05.272369,f,,,,,,
replication,631,6069,6071,667,10,2015-11-30 19:37:10.756243,f,,,,,,
replication,635,6129,6131,671,18,2015-11-30 19:37:14.551975,f,,,,,,
replication,659,6370,6371,695,17,2015-11-30 19:37:36.536752,f,,,,,,
replication,610,5854,5855,646,4,2015-11-30 19:36:48.003486,f,,,,,,
replication,620,5943,5944,656,5,2015-11-30 19:36:55.64905,f,,,,,,
replication,665,6408,6411,701,8,2015-11-30 19:37:39.571151,f,,,,,,
replication,624,5996,5997,660,7,2015-11-30 19:37:02.631319,t,2015-11-30 19:46:02.014249,,,,,
replication,611,5864,5865,647,8,2015-11-30 19:36:48.952876,f,,,,,,
replication,630,6063,6064,666,8,2015-11-30 19:37:09.904246,f,,,,,,
replication,650,6285,6290,686,12,2015-11-30 19:37:30.258659,f,,,,,,
replication,653,6297,6299,689,14,2015-11-30 19:37:30.956333,f,,,,,,
replication,654,6309,6310,690,16,2015-11-30 19:37:31.905662,f,,,,,,
replication,616,5909,5911,652,6,2015-11-30 19:36:52.170021,t,2015-11-30 19:39:38.307865,,,,,
replication,612,5867,5869,648,10,2015-11-30 19:36:49.230054,f,,,,,,
replication,656,6335,6337,692,7,2015-11-30 19:37:33.892454,f,,,,,,
replication,646,6221,6224,682,12,2015-11-30 19:37:22.603296,t,2015-11-30 19:39:42.526689,,,,,
replication,613,5877,5878,649,13,2015-11-30 19:36:49.905064,f,,,,,,
replication,633,6084,6086,669,2,2015-11-30 19:37:11.333252,f,,,,,,
replication,657,6338,6339,693,8,2015-11-30 19:37:33.955331,t,2015-11-30 19:57:18.42865,,,,,
replication,625,6003,6004,661,3,2015-11-30 19:37:03.715072,f,,,,,,
replication,637,6162,6164,673,16,2015-11-30 19:37:16.559693,f,,,,,,
replication,649,6271,6272,685,8,2015-11-30 19:37:28.566427,f,,,,,,
replication,651,6286,6291,687,17,2015-11-30 19:37:30.260933,f,,,,,,
replication,658,6362,6363,694,2,2015-11-30 19:37:35.800789,f,,,,,,
replication,614,5896,5897,650,10,2015-11-30 19:36:51.394889,t,2015-11-30 19:42:38.971979,,,,,
replication,641,6181,6182,677,5,2015-11-30 19:37:17.922348,t,2015-11-30 19:42:39.016728,,,,,
replication,639,6174,6175,675,13,2015-11-30 19:37:17.377018,t,2015-11-30 19:46:04.31905,,,,,
replication,615,5903,5905,651,5,2015-11-30 19:36:51.891135,f,,,,,,
replication,634,6087,6088,670,1,2015-11-30 19:37:11.444363,f,,,,,,
replication,636,6147,6149,672,12,2015-11-30 19:37:15.484608,f,,,,,,
replication,640,6176,6177,676,16,2015-11-30 19:37:17.450518,f,,,,,,
replication,645,6207,6208,681,12,2015-11-30 19:37:21.044979,f,,,,,,
replication,647,6230,6231,683,16,2015-11-30 19:37:23.592472,f,,,,,,
replication,619,5930,5931,655,15,2015-11-30 19:36:54.135063,t,2015-11-30 19:39:42.398962,,,,,
replication,617,5913,5914,653,2,2015-11-30 19:36:52.438202,f,,,,,,
replication,632,6081,6083,668,10,2015-11-30 19:37:11.236704,f,,,,,,
replication,618,5924,5925,654,6,2015-11-30 19:36:53.465757,f,,,,,,
replication,628,6027,6028,664,11,2015-11-30 19:37:05.848081,f,,,,,,
replication,638,6167,6168,674,17,2015-11-30 19:37:16.786022,f,,,,,,
replication,652,6287,6292,688,6,2015-11-30 19:37:30.280501,f,,,,,,
replication,655,6326,6327,691,17,2015-11-30 19:37:33.378125,f,,,,,,
replication,662,6396,6397,698,16,2015-11-30 19:37:38.473692,f,,,,,,
replication,621,5951,5953,657,16,2015-11-30 19:36:56.503521,t,2015-11-30 19:57:18.405461,,,,,
replication,622,5958,5959,658,15,2015-11-30 19:36:56.901238,f,,,,,,
replication,626,6005,6006,662,6,2015-11-30 19:37:03.812256,f,,,,,,
replication,623,5975,5976,659,5,2015-11-30 19:36:59.757129,f,,,,,,
replication,642,6185,6186,678,3,2015-11-30 19:37:18.137061,f,,,,,,
replication,643,6187,6188,679,6,2015-11-30 19:37:18.417213,f,,,,,,
replication,629,6053,6054,665,16,2015-11-30 19:37:09.299046,f,,,,,,
replication,648,6237,6238,684,18,2015-11-30 19:37:24.055395,f,,,,,,
replication,664,6406,6407,700,8,2015-11-30 19:37:39.468174,f,,,,,,
replication,660,6377,6378,696,18,2015-11-30 19:37:36.976878,t,2015-11-30 19:46:01.68502,,,,,
replication,644,6194,6195,680,1,2015-11-30 19:37:19.090924,f,,,,,,
replication,661,6389,6391,697,13,2015-11-30 19:37:38.18486,f,,,,,,
replication,663,6403,6405,699,15,2015-11-30 19:37:39.392961,f,,,,,,
replication,668,6454,6455,704,4,2015-11-30 19:37:45.631553,f,,,,,,
replication,669,6466,6467,705,3,2015-11-30 19:37:47.39864,f,,,,,,
replication,670,6468,6470,706,5,2015-11-30 19:37:47.595802,f,,,,,,
replication,671,6495,6497,707,9,2015-11-30 19:37:50.955998,f,,,,,,
replication,672,6509,6510,708,6,2015-11-30 19:37:51.824643,f,,,,,,
replication,673,6523,6524,709,8,2015-11-30 19:37:53.29433,f,,,,,,
replication,674,6526,6527,710,7,2015-11-30 19:37:53.556352,f,,,,,,
replication,675,6534,6535,711,12,2015-11-30 19:37:54.22844,f,,,,,,
replication,676,6547,6548,712,11,2015-11-30 19:37:55.991619,f,,,,,,
replication,677,6552,6553,713,2,2015-11-30 19:37:56.473299,f,,,,,,
replication,678,6576,6577,714,12,2015-11-30 19:37:58.816797,f,,,,,,
replication,679,6597,6599,715,16,2015-11-30 19:38:01.352219,f,,,,,,
replication,680,6613,6614,716,18,2015-11-30 19:38:02.434784,f,,,,,,
replication,681,6625,6627,717,9,2015-11-30 19:38:03.659898,f,,,,,,
replication,683,6636,6637,719,3,2015-11-30 19:38:04.792448,f,,,,,,
replication,684,6638,6639,720,12,2015-11-30 19:38:04.941813,f,,,,,,
replication,685,6652,6653,721,4,2015-11-30 19:38:07.304283,f,,,,,,
replication,686,6656,6657,722,15,2015-11-30 19:38:07.688082,f,,,,,,
replication,687,6664,6665,723,13,2015-11-30 19:38:08.906668,f,,,,,,
replication,688,6670,6671,724,1,2015-11-30 19:38:09.663483,f,,,,,,
replication,689,6673,6674,725,13,2015-11-30 19:38:10.130455,f,,,,,,
replication,691,6689,6690,727,6,2015-11-30 19:38:11.481244,f,,,,,,
replication,692,6697,6698,728,16,2015-11-30 19:38:12.522,f,,,,,,
replication,693,6703,6704,729,5,2015-11-30 19:38:13.679872,f,,,,,,
replication,694,6713,6714,730,13,2015-11-30 19:38:15.101001,f,,,,,,
replication,695,6723,6724,731,15,2015-11-30 19:38:17.068392,f,,,,,,
replication,696,6731,6732,732,8,2015-11-30 19:38:18.320398,f,,,,,,
replication,697,6750,6751,733,8,2015-11-30 19:38:21.503768,f,,,,,,
replication,699,6789,6790,735,15,2015-11-30 19:38:25.993657,f,,,,,,
replication,700,6791,6792,736,18,2015-11-30 19:38:26.099267,f,,,,,,
replication,701,6797,6798,737,4,2015-11-30 19:38:26.581483,f,,,,,,
replication,703,6805,6808,739,12,2015-11-30 19:38:27.214203,f,,,,,,
replication,704,6814,6815,740,13,2015-11-30 19:38:28.390563,f,,,,,,
replication,705,6833,6835,741,5,2015-11-30 19:38:31.0253,f,,,,,,
replication,706,6840,6841,742,5,2015-11-30 19:38:31.743963,f,,,,,,
replication,707,6851,6852,743,3,2015-11-30 19:38:32.900165,f,,,,,,
replication,708,6864,6865,744,4,2015-11-30 19:38:34.710012,f,,,,,,
replication,709,6908,6909,745,12,2015-11-30 19:38:40.034296,f,,,,,,
replication,710,6913,6914,746,11,2015-11-30 19:38:40.574692,f,,,,,,
replication,711,6923,6924,747,14,2015-11-30 19:38:41.762209,f,,,,,,
replication,712,6934,6936,748,4,2015-11-30 19:38:43.294,f,,,,,,
replication,713,6937,6938,749,4,2015-11-30 19:38:43.390715,f,,,,,,
replication,714,6942,6943,750,6,2015-11-30 19:38:43.710079,f,,,,,,
replication,715,6947,6948,751,15,2015-11-30 19:38:44.171172,f,,,,,,
replication,716,6977,6978,752,10,2015-11-30 19:38:47.659752,f,,,,,,
replication,718,6995,6996,754,8,2015-11-30 19:38:49.357456,f,,,,,,
replication,719,6999,7000,755,17,2015-11-30 19:38:49.557705,f,,,,,,
replication,720,7005,7007,756,6,2015-11-30 19:38:50.075661,f,,,,,,
replication,721,7034,7035,757,17,2015-11-30 19:38:54.215338,f,,,,,,
replication,722,7037,7038,758,16,2015-11-30 19:38:54.380586,f,,,,,,
replication,724,7053,7055,760,11,2015-11-30 19:38:56.125848,f,,,,,,
replication,725,7058,7059,761,8,2015-11-30 19:38:56.796604,f,,,,,,
replication,726,7062,7064,762,12,2015-11-30 19:38:57.344622,f,,,,,,
replication,727,7066,7067,763,18,2015-11-30 19:38:57.689032,f,,,,,,
replication,729,7087,7088,765,11,2015-11-30 19:39:00.492017,f,,,,,,
replication,730,7101,7102,766,16,2015-11-30 19:39:02.679101,f,,,,,,
replication,731,7103,7106,767,9,2015-11-30 19:39:02.71966,f,,,,,,
replication,732,7114,7115,768,2,2015-11-30 19:39:04.212512,f,,,,,,
replication,733,7121,7122,769,11,2015-11-30 19:39:05.435978,f,,,,,,
replication,734,7127,7128,770,12,2015-11-30 19:39:05.972148,f,,,,,,
replication,735,7136,7138,771,9,2015-11-30 19:39:07.292145,f,,,,,,
replication,736,7146,7147,772,15,2015-11-30 19:39:08.845634,f,,,,,,
replication,737,7158,7159,773,4,2015-11-30 19:39:11.061606,f,,,,,,
replication,738,7184,7186,774,10,2015-11-30 19:39:14.918314,f,,,,,,
replication,739,7188,7189,775,7,2015-11-30 19:39:15.06335,f,,,,,,
replication,741,7205,7206,777,14,2015-11-30 19:39:17.429071,f,,,,,,
replication,744,7262,7263,780,15,2015-11-30 19:39:24.076327,f,,,,,,
replication,745,7273,7274,781,12,2015-11-30 19:39:25.839019,f,,,,,,
replication,746,7279,7280,782,14,2015-11-30 19:39:26.704161,f,,,,,,
replication,747,7287,7288,783,8,2015-11-30 19:39:27.444533,f,,,,,,
replication,748,7314,7315,784,18,2015-11-30 19:39:30.607411,f,,,,,,
replication,749,7316,7317,785,14,2015-11-30 19:39:30.703249,f,,,,,,
replication,750,7329,7330,786,9,2015-11-30 19:39:31.986734,f,,,,,,
replication,751,7334,7335,787,16,2015-11-30 19:39:32.141074,f,,,,,,
replication,752,7343,7346,788,11,2015-11-30 19:39:33.142787,f,,,,,,
replication,753,7347,7348,789,10,2015-11-30 19:39:33.2211,f,,,,,,
replication,755,7385,7387,791,10,2015-11-30 19:39:37.44848,f,,,,,,
replication,49,349,351,85,2,2015-11-30 19:28:48.072073,t,2015-11-30 19:39:38.118854,,,,,
replication,74,595,596,110,3,2015-11-30 19:29:17.786313,t,2015-11-30 19:39:38.150706,,,,,
replication,756,7396,7397,792,17,2015-11-30 19:39:38.225224,f,,,,,,
replication,757,7400,7401,793,3,2015-11-30 19:39:38.292145,f,,,,,,
replication,758,7403,7404,794,9,2015-11-30 19:39:38.729722,f,,,,,,
replication,682,6629,6631,718,12,2015-11-30 19:38:03.848054,t,2015-11-30 19:46:01.523517,,,,,
replication,754,7364,7365,790,15,2015-11-30 19:39:34.736249,t,2015-11-30 19:46:01.948372,,,,,
replication,702,6804,6806,738,6,2015-11-30 19:38:27.198512,t,2015-11-30 19:46:01.981835,,,,,
replication,743,7244,7245,779,15,2015-11-30 19:39:21.831445,t,2015-11-30 19:46:04.227425,,,,,
replication,698,6782,6783,734,6,2015-11-30 19:38:25.66811,t,2015-11-30 19:46:04.574003,,,,,
replication,723,7039,7041,759,10,2015-11-30 19:38:54.486618,t,2015-11-30 19:46:04.606808,,,,,
replication,666,6430,6431,702,13,2015-11-30 19:37:42.343892,t,2015-11-30 19:54:36.125887,,,,,
replication,728,7083,7084,764,5,2015-11-30 19:39:00.151497,t,2015-11-30 19:54:36.286357,,,,,
replication,196,1725,1726,232,7,2015-11-30 19:31:25.133714,t,2015-11-30 19:39:38.369749,,,,,
replication,301,2751,2752,337,10,2015-11-30 19:32:51.742601,t,2015-11-30 19:39:38.464106,,,,,
replication,580,5529,5532,616,11,2015-11-30 19:36:22.494898,t,2015-11-30 19:39:38.525989,,,,,
replication,348,3185,3186,384,13,2015-11-30 19:33:23.126986,t,2015-11-30 19:39:38.556635,,,,,
replication,233,2074,2075,269,15,2015-11-30 19:31:54.770948,t,2015-11-30 19:39:38.618264,,,,,
replication,759,7410,7412,795,14,2015-11-30 19:39:39.332005,f,,,,,,
replication,801,7825,7826,837,9,2015-11-30 19:40:37.614831,f,,,,,,
replication,760,7418,7419,796,7,2015-11-30 19:39:40.257579,f,,,,,,
replication,775,7572,7573,811,7,2015-11-30 19:40:03.012672,f,,,,,,
replication,789,7729,7730,825,11,2015-11-30 19:40:24.102796,f,,,,,,
replication,790,7734,7735,826,7,2015-11-30 19:40:24.699886,f,,,,,,
replication,797,7788,7789,833,7,2015-11-30 19:40:32.745248,t,2015-11-30 19:54:36.190204,,,,,
replication,761,7420,7421,797,9,2015-11-30 19:39:40.315691,f,,,,,,
replication,767,7482,7483,803,14,2015-11-30 19:39:52.41047,f,,,,,,
replication,782,7652,7654,818,11,2015-11-30 19:40:14.849519,f,,,,,,
replication,762,7424,7425,798,5,2015-11-30 19:39:40.718921,f,,,,,,
replication,86,692,693,122,6,2015-11-30 19:29:29.614886,t,2015-11-30 19:39:42.236092,,,,,
replication,582,5546,5547,618,13,2015-11-30 19:36:23.79994,t,2015-11-30 19:39:42.431449,,,,,
replication,542,5134,5135,578,10,2015-11-30 19:35:50.881534,t,2015-11-30 19:39:42.651289,,,,,
replication,765,7464,7465,801,12,2015-11-30 19:39:50.237168,f,,,,,,
replication,779,7623,7625,815,14,2015-11-30 19:40:10.729552,f,,,,,,
replication,788,7723,7725,824,12,2015-11-30 19:40:23.880876,f,,,,,,
replication,771,7526,7529,807,18,2015-11-30 19:39:57.979995,t,2015-11-30 19:47:46.704578,,,,,
replication,763,7450,7451,799,6,2015-11-30 19:39:48.115846,f,,,,,,
replication,776,7581,7582,812,7,2015-11-30 19:40:03.983138,f,,,,,,
replication,800,7811,7812,836,10,2015-11-30 19:40:34.729314,t,2015-11-30 19:46:01.750604,,,,,
replication,787,7708,7709,823,18,2015-11-30 19:40:22.503159,f,,,,,,
replication,803,7831,7832,839,6,2015-11-30 19:40:38.086739,f,,,,,,
replication,764,7461,7462,800,1,2015-11-30 19:39:50.065127,t,2015-11-30 19:49:09.363979,,,,,
replication,766,7469,7470,802,11,2015-11-30 19:39:50.570582,f,,,,,,
replication,768,7488,7489,804,13,2015-11-30 19:39:52.880634,f,,,,,,
replication,769,7494,7495,805,13,2015-11-30 19:39:53.464257,f,,,,,,
replication,777,7589,7591,813,13,2015-11-30 19:40:05.503479,f,,,,,,
replication,784,7674,7676,820,7,2015-11-30 19:40:17.866658,f,,,,,,
replication,785,7694,7695,821,6,2015-11-30 19:40:20.947365,f,,,,,,
replication,795,7772,7773,831,15,2015-11-30 19:40:30.315204,f,,,,,,
replication,804,7833,7834,840,13,2015-11-30 19:40:38.195091,t,2015-11-30 19:47:46.538244,,,,,
replication,772,7533,7535,808,11,2015-11-30 19:39:58.367344,f,,,,,,
replication,798,7793,7795,834,15,2015-11-30 19:40:33.272121,f,,,,,,
replication,770,7525,7527,806,9,2015-11-30 19:39:57.966653,t,2015-11-30 19:46:01.653767,,,,,
replication,773,7557,7558,809,11,2015-11-30 19:40:01.28946,f,,,,,,
replication,774,7567,7568,810,17,2015-11-30 19:40:02.472725,f,,,,,,
replication,778,7622,7624,814,17,2015-11-30 19:40:10.703062,f,,,,,,
replication,792,7743,7744,828,18,2015-11-30 19:40:25.245585,f,,,,,,
replication,781,7639,7641,817,18,2015-11-30 19:40:13.017337,f,,,,,,
replication,780,7637,7638,816,4,2015-11-30 19:40:12.813115,t,2015-11-30 19:46:04.670599,,,,,
replication,796,7781,7782,832,2,2015-11-30 19:40:31.894617,t,2015-11-30 19:49:09.33194,,,,,
replication,802,7827,7828,838,5,2015-11-30 19:40:37.795106,f,,,,,,
replication,783,7665,7666,819,16,2015-11-30 19:40:16.178561,t,2015-11-30 19:46:01.783658,,,,,
replication,786,7699,7701,822,17,2015-11-30 19:40:21.697122,f,,,,,,
replication,793,7759,7760,829,17,2015-11-30 19:40:27.942677,f,,,,,,
replication,791,7740,7742,827,5,2015-11-30 19:40:25.177149,f,,,,,,
replication,794,7770,7771,830,4,2015-11-30 19:40:30.186448,f,,,,,,
replication,799,7794,7796,835,14,2015-11-30 19:40:33.297221,f,,,,,,
replication,805,7852,7853,841,16,2015-11-30 19:40:45.461311,f,,,,,,
replication,806,7890,7891,842,10,2015-11-30 19:40:51.948544,f,,,,,,
replication,807,7894,7895,843,17,2015-11-30 19:40:52.286239,f,,,,,,
replication,808,7923,7924,844,10,2015-11-30 19:40:56.334165,f,,,,,,
replication,809,7938,7939,845,1,2015-11-30 19:40:57.7948,f,,,,,,
replication,810,7942,7943,846,17,2015-11-30 19:40:58.261672,f,,,,,,
replication,811,7946,7947,847,6,2015-11-30 19:40:58.538077,f,,,,,,
replication,813,7973,7975,849,11,2015-11-30 19:41:01.349224,f,,,,,,
replication,815,8000,8001,851,13,2015-11-30 19:41:03.319767,f,,,,,,
replication,816,8003,8004,852,13,2015-11-30 19:41:03.483821,f,,,,,,
replication,818,8015,8017,854,7,2015-11-30 19:41:05.434467,f,,,,,,
replication,820,8041,8042,856,11,2015-11-30 19:41:09.5117,f,,,,,,
replication,821,8058,8059,857,7,2015-11-30 19:41:12.008525,f,,,,,,
replication,822,8061,8062,858,8,2015-11-30 19:41:12.191935,f,,,,,,
replication,823,8069,8070,859,15,2015-11-30 19:41:13.525882,f,,,,,,
replication,824,8085,8086,860,13,2015-11-30 19:41:17.87153,f,,,,,,
replication,825,8091,8092,861,14,2015-11-30 19:41:18.983308,f,,,,,,
replication,826,8096,8097,862,1,2015-11-30 19:41:19.859499,f,,,,,,
replication,827,8129,8130,863,12,2015-11-30 19:41:24.433771,f,,,,,,
replication,828,8136,8138,864,5,2015-11-30 19:41:25.479719,f,,,,,,
replication,829,8141,8142,865,2,2015-11-30 19:41:25.782407,f,,,,,,
replication,830,8149,8150,866,14,2015-11-30 19:41:27.137356,f,,,,,,
replication,831,8153,8154,867,9,2015-11-30 19:41:27.504961,f,,,,,,
replication,832,8156,8158,868,10,2015-11-30 19:41:27.700986,f,,,,,,
replication,833,8168,8169,869,10,2015-11-30 19:41:30.104042,f,,,,,,
replication,835,8202,8203,871,12,2015-11-30 19:41:37.430387,f,,,,,,
replication,836,8208,8209,872,10,2015-11-30 19:41:38.745658,f,,,,,,
replication,837,8217,8219,873,18,2015-11-30 19:41:40.967424,f,,,,,,
replication,838,8225,8226,874,8,2015-11-30 19:41:42.432717,f,,,,,,
replication,840,8265,8266,876,2,2015-11-30 19:41:47.796186,f,,,,,,
replication,841,8267,8268,877,5,2015-11-30 19:41:47.858787,f,,,,,,
replication,842,8284,8285,878,9,2015-11-30 19:41:49.795995,f,,,,,,
replication,844,8305,8306,880,5,2015-11-30 19:41:52.425565,f,,,,,,
replication,846,8319,8320,882,16,2015-11-30 19:41:54.182947,f,,,,,,
replication,847,8339,8340,883,4,2015-11-30 19:41:57.408267,f,,,,,,
replication,849,8359,8360,885,3,2015-11-30 19:41:59.331459,f,,,,,,
replication,851,8371,8372,887,18,2015-11-30 19:42:01.621893,f,,,,,,
replication,852,8380,8381,888,9,2015-11-30 19:42:04.59293,f,,,,,,
replication,853,8382,8383,889,5,2015-11-30 19:42:04.816474,f,,,,,,
replication,854,8410,8412,890,12,2015-11-30 19:42:11.02065,f,,,,,,
replication,855,8419,8420,891,16,2015-11-30 19:42:11.77444,f,,,,,,
replication,857,8447,8448,893,18,2015-11-30 19:42:16.614247,f,,,,,,
replication,859,8463,8464,895,15,2015-11-30 19:42:18.929677,f,,,,,,
replication,861,8482,8484,897,6,2015-11-30 19:42:22.018139,f,,,,,,
replication,862,8488,8489,898,3,2015-11-30 19:42:22.591983,f,,,,,,
replication,863,8507,8508,899,18,2015-11-30 19:42:26.087797,f,,,,,,
replication,865,8516,8518,901,14,2015-11-30 19:42:27.886532,f,,,,,,
replication,866,8525,8526,902,9,2015-11-30 19:42:29.247361,f,,,,,,
replication,867,8557,8558,903,13,2015-11-30 19:42:36.732401,f,,,,,,
replication,690,6683,6686,726,8,2015-11-30 19:38:11.156718,t,2015-11-30 19:42:38.850338,,,,,
replication,742,7238,7239,778,18,2015-11-30 19:39:21.41584,t,2015-11-30 19:42:39.215239,,,,,
replication,717,6984,6985,753,12,2015-11-30 19:38:48.156189,t,2015-11-30 19:42:39.360239,,,,,
replication,868,8570,8571,904,13,2015-11-30 19:42:39.376075,f,,,,,,
replication,667,6436,6437,703,13,2015-11-30 19:37:42.821455,t,2015-11-30 19:42:39.437334,,,,,
replication,869,8578,8579,905,8,2015-11-30 19:42:40.789225,f,,,,,,
replication,870,8589,8590,906,18,2015-11-30 19:42:43.445675,f,,,,,,
replication,871,8591,8592,907,5,2015-11-30 19:42:43.533133,f,,,,,,
replication,872,8596,8597,908,7,2015-11-30 19:42:43.963365,f,,,,,,
replication,874,8619,8620,910,4,2015-11-30 19:42:47.530625,f,,,,,,
replication,875,8630,8631,911,15,2015-11-30 19:42:49.806215,f,,,,,,
replication,876,8639,8640,912,4,2015-11-30 19:42:52.133077,f,,,,,,
replication,879,8676,8677,915,8,2015-11-30 19:43:03.173208,f,,,,,,
replication,881,8702,8703,917,9,2015-11-30 19:43:06.922029,f,,,,,,
replication,882,8712,8713,918,14,2015-11-30 19:43:08.181174,f,,,,,,
replication,883,8715,8716,919,16,2015-11-30 19:43:08.511521,f,,,,,,
replication,884,8720,8721,920,14,2015-11-30 19:43:09.449346,f,,,,,,
replication,885,8727,8728,921,10,2015-11-30 19:43:11.931891,f,,,,,,
replication,887,8759,8760,923,6,2015-11-30 19:43:16.919261,f,,,,,,
replication,888,8761,8762,924,18,2015-11-30 19:43:17.189442,f,,,,,,
replication,889,8771,8772,925,13,2015-11-30 19:43:20.233415,f,,,,,,
replication,891,8779,8780,927,11,2015-11-30 19:43:22.050726,f,,,,,,
replication,893,8795,8796,929,9,2015-11-30 19:43:25.437573,f,,,,,,
replication,819,8039,8040,855,9,2015-11-30 19:41:09.326203,t,2015-11-30 19:46:04.505539,,,,,
replication,858,8454,8456,894,7,2015-11-30 19:42:17.741508,t,2015-11-30 19:47:46.673237,,,,,
replication,845,8315,8316,881,16,2015-11-30 19:41:53.889418,t,2015-11-30 19:47:46.736604,,,,,
replication,880,8690,8691,916,10,2015-11-30 19:43:04.60814,t,2015-11-30 19:47:46.768903,,,,,
replication,814,7982,7983,850,3,2015-11-30 19:41:02.328161,t,2015-11-30 19:49:09.267211,,,,,
replication,864,8511,8512,900,8,2015-11-30 19:42:26.742388,t,2015-11-30 19:49:09.299258,,,,,
replication,892,8784,8785,928,1,2015-11-30 19:43:23.121408,t,2015-11-30 19:52:27.989404,,,,,
replication,890,8773,8774,926,1,2015-11-30 19:43:20.636017,t,2015-11-30 19:54:19.296388,,,,,
replication,812,7949,7950,848,1,2015-11-30 19:40:58.817306,t,2015-11-30 19:54:20.881091,,,,,
replication,860,8469,8470,896,3,2015-11-30 19:42:19.973391,t,2015-11-30 19:54:20.913865,,,,,
replication,839,8238,8239,875,2,2015-11-30 19:41:44.728608,t,2015-11-30 19:54:20.949727,,,,,
replication,878,8648,8649,914,17,2015-11-30 19:42:53.79232,t,2015-11-30 19:54:20.982588,,,,,
replication,873,8604,8605,909,12,2015-11-30 19:42:45.437698,t,2015-11-30 19:54:36.222256,,,,,
replication,850,8367,8368,886,15,2015-11-30 19:42:00.516449,t,2015-11-30 19:54:36.318904,,,,,
replication,904,8937,8939,940,10,2015-11-30 19:43:51.824566,f,,,,,,
replication,910,8990,8991,946,17,2015-11-30 19:44:05.173434,t,2015-11-30 19:49:09.586756,,,,,
replication,894,8798,8799,930,5,2015-11-30 19:43:25.561432,t,2015-11-30 19:54:21.014505,,,,,
replication,895,8828,8829,931,6,2015-11-30 19:43:29.586184,f,,,,,,
replication,896,8831,8832,932,5,2015-11-30 19:43:29.780403,t,2015-11-30 19:47:46.800679,,,,,
replication,897,8853,8854,933,8,2015-11-30 19:43:35.11615,f,,,,,,
replication,925,9143,9144,961,18,2015-11-30 19:44:42.245752,f,,,,,,
replication,898,8867,8868,934,11,2015-11-30 19:43:38.248476,f,,,,,,
replication,919,9088,9089,955,12,2015-11-30 19:44:27.971641,t,2015-11-30 19:49:09.55514,,,,,
replication,907,8955,8956,943,8,2015-11-30 19:43:55.759025,f,,,,,,
replication,914,9032,9033,950,9,2015-11-30 19:44:16.781619,f,,,,,,
replication,899,8879,8880,935,18,2015-11-30 19:43:40.33135,t,2015-11-30 19:49:09.523674,,,,,
replication,912,9000,9001,948,4,2015-11-30 19:44:08.667816,t,2015-11-30 19:54:36.351649,,,,,
replication,900,8882,8883,936,17,2015-11-30 19:43:40.580321,f,,,,,,
replication,908,8978,8979,944,13,2015-11-30 19:44:01.990291,f,,,,,,
replication,901,8899,8900,937,7,2015-11-30 19:43:45.448469,f,,,,,,
replication,920,9103,9104,956,3,2015-11-30 19:44:33.332674,t,2015-11-30 19:54:19.32763,,,,,
replication,902,8906,8907,938,16,2015-11-30 19:43:46.022396,f,,,,,,
replication,911,8994,8995,947,14,2015-11-30 19:44:05.828179,f,,,,,,
replication,913,9030,9031,949,9,2015-11-30 19:44:16.650073,t,2015-11-30 19:47:46.832645,,,,,
replication,922,9126,9127,958,6,2015-11-30 19:44:38.338905,t,2015-11-30 19:47:46.865948,,,,,
replication,906,8946,8947,942,2,2015-11-30 19:43:52.997234,t,2015-11-30 19:52:28.055772,,,,,
replication,903,8929,8930,939,7,2015-11-30 19:43:50.102699,f,,,,,,
replication,921,9110,9111,957,8,2015-11-30 19:44:34.784921,f,,,,,,
replication,915,9041,9042,951,12,2015-11-30 19:44:18.956754,f,,,,,,
replication,905,8942,8944,941,2,2015-11-30 19:43:52.186082,t,2015-11-30 19:54:19.360686,,,,,
replication,909,8982,8983,945,10,2015-11-30 19:44:02.803874,t,2015-11-30 19:54:21.11125,,,,,
replication,916,9043,9044,952,7,2015-11-30 19:44:19.262924,f,,,,,,
replication,923,9131,9132,959,11,2015-11-30 19:44:39.229228,f,,,,,,
replication,918,9059,9060,954,3,2015-11-30 19:44:22.508258,t,2015-11-30 19:52:28.121164,,,,,
replication,917,9049,9050,953,1,2015-11-30 19:44:20.307235,t,2015-11-30 19:52:51.592827,,,,,
replication,929,9190,9191,965,12,2015-11-30 19:45:01.469109,f,,,,,,
replication,932,9243,9244,968,17,2015-11-30 19:45:12.24193,f,,,,,,
replication,933,9245,9246,969,16,2015-11-30 19:45:12.290299,f,,,,,,
replication,934,9249,9250,970,15,2015-11-30 19:45:12.718817,f,,,,,,
replication,936,9258,9259,972,9,2015-11-30 19:45:16.117842,f,,,,,,
replication,941,9304,9305,977,6,2015-11-30 19:45:31.876882,f,,,,,,
replication,942,9326,9327,978,8,2015-11-30 19:45:37.240032,f,,,,,,
replication,945,9352,9353,981,17,2015-11-30 19:45:43.321819,f,,,,,,
replication,946,9360,9361,982,14,2015-11-30 19:45:45.326492,f,,,,,,
replication,947,9363,9364,983,15,2015-11-30 19:45:45.807404,f,,,,,,
replication,949,9381,9382,985,7,2015-11-30 19:45:52.301885,f,,,,,,
replication,817,8005,8007,853,13,2015-11-30 19:41:03.571127,t,2015-11-30 19:46:01.622293,,,,,
replication,856,8421,8422,892,5,2015-11-30 19:42:11.931441,t,2015-11-30 19:46:01.815937,,,,,
replication,740,7190,7191,776,17,2015-11-30 19:39:15.119234,t,2015-11-30 19:46:02.047434,,,,,
replication,843,8288,8289,879,14,2015-11-30 19:41:50.273666,t,2015-11-30 19:46:02.079946,,,,,
replication,373,3453,3454,409,12,2015-11-30 19:33:43.162757,t,2015-11-30 19:46:04.28858,,,,,
replication,234,2121,2122,270,11,2015-11-30 19:32:00.702066,t,2015-11-30 19:46:04.702633,,,,,
replication,954,9443,9444,990,16,2015-11-30 19:46:09.205879,f,,,,,,
replication,956,9465,9466,992,10,2015-11-30 19:46:15.249173,f,,,,,,
replication,960,9507,9508,996,14,2015-11-30 19:46:27.024191,f,,,,,,
replication,961,9509,9510,997,16,2015-11-30 19:46:27.055971,f,,,,,,
replication,963,9533,9534,999,9,2015-11-30 19:46:34.479055,f,,,,,,
replication,966,9560,9561,1002,7,2015-11-30 19:46:44.362284,f,,,,,,
replication,969,9600,9601,1005,4,2015-11-30 19:46:52.013811,f,,,,,,
replication,970,9604,9605,1006,18,2015-11-30 19:46:52.524639,f,,,,,,
replication,972,9626,9627,1008,16,2015-11-30 19:47:02.104697,f,,,,,,
replication,973,9639,9640,1009,6,2015-11-30 19:47:06.762072,f,,,,,,
replication,977,9675,9676,1013,16,2015-11-30 19:47:16.03521,f,,,,,,
replication,979,9696,9697,1015,1,2015-11-30 19:47:21.139958,f,,,,,,
replication,980,9699,9700,1016,4,2015-11-30 19:47:21.45247,f,,,,,,
replication,983,9729,9730,1019,13,2015-11-30 19:47:32.326333,f,,,,,,
replication,984,9738,9739,1020,1,2015-11-30 19:47:34.366836,f,,,,,,
replication,985,9740,9741,1021,17,2015-11-30 19:47:34.423972,f,,,,,,
replication,987,9756,9757,1023,1,2015-11-30 19:47:38.441913,f,,,,,,
replication,989,9790,9792,1025,15,2015-11-30 19:47:45.285302,f,,,,,,
replication,990,9791,9793,1026,10,2015-11-30 19:47:45.29713,f,,,,,,
replication,931,9223,9224,967,15,2015-11-30 19:45:08.445597,t,2015-11-30 19:47:46.897682,,,,,
replication,944,9345,9346,980,17,2015-11-30 19:45:41.377083,t,2015-11-30 19:47:46.93378,,,,,
replication,953,9435,9436,989,4,2015-11-30 19:46:06.988121,t,2015-11-30 19:47:46.966205,,,,,
replication,992,9807,9808,1028,12,2015-11-30 19:47:49.519782,f,,,,,,
replication,995,9850,9851,1031,2,2015-11-30 19:48:00.067196,f,,,,,,
replication,996,9857,9858,1032,2,2015-11-30 19:48:01.263697,f,,,,,,
replication,997,9864,9865,1033,14,2015-11-30 19:48:03.89778,f,,,,,,
replication,998,9876,9877,1034,2,2015-11-30 19:48:08.410706,f,,,,,,
replication,999,9894,9895,1035,13,2015-11-30 19:48:14.824756,f,,,,,,
replication,1000,9915,9917,1036,5,2015-11-30 19:48:18.761444,f,,,,,,
replication,1003,9931,9933,1039,5,2015-11-30 19:48:20.196409,f,,,,,,
replication,1006,9961,9962,1042,3,2015-11-30 19:48:28.749609,f,,,,,,
replication,1007,9968,9969,1043,3,2015-11-30 19:48:32.1588,f,,,,,,
replication,1008,9971,9972,1044,4,2015-11-30 19:48:32.628399,f,,,,,,
replication,1009,9987,9988,1045,3,2015-11-30 19:48:38.815639,f,,,,,,
replication,926,9163,9165,962,13,2015-11-30 19:44:49.851411,t,2015-11-30 19:49:09.618647,,,,,
replication,935,9253,9254,971,5,2015-11-30 19:45:13.939474,t,2015-11-30 19:49:09.650899,,,,,
replication,1027,10163,10164,1063,13,2015-11-30 19:49:19.910622,f,,,,,,
replication,930,9211,9212,966,15,2015-11-30 19:45:06.371291,t,2015-11-30 19:52:28.152376,,,,,
replication,937,9286,9287,973,16,2015-11-30 19:45:27.501339,t,2015-11-30 19:52:28.184273,,,,,
replication,948,9376,9377,984,12,2015-11-30 19:45:50.788681,t,2015-11-30 19:52:28.21663,,,,,
replication,955,9460,9461,991,10,2015-11-30 19:46:13.820356,t,2015-11-30 19:52:28.247706,,,,,
replication,964,9549,9550,1000,11,2015-11-30 19:46:40.822144,t,2015-11-30 19:52:28.278799,,,,,
replication,974,9646,9647,1010,5,2015-11-30 19:47:08.00656,t,2015-11-30 19:52:28.310878,,,,,
replication,927,9168,9169,963,2,2015-11-30 19:44:51.230292,t,2015-11-30 19:52:51.625078,,,,,
replication,950,9405,9406,986,16,2015-11-30 19:46:00.407957,t,2015-11-30 19:52:51.657243,,,,,
replication,938,9289,9290,974,3,2015-11-30 19:45:28.047514,t,2015-11-30 19:52:51.689445,,,,,
replication,991,9803,9805,1027,11,2015-11-30 19:47:49.079989,t,2015-11-30 19:52:51.721686,,,,,
replication,965,9551,9552,1001,6,2015-11-30 19:46:40.956719,t,2015-11-30 19:52:51.753388,,,,,
replication,976,9672,9673,1012,10,2015-11-30 19:47:15.400905,t,2015-11-30 19:52:51.784422,,,,,
replication,1005,9945,9946,1041,17,2015-11-30 19:48:23.17045,t,2015-11-30 19:52:51.815644,,,,,
replication,928,9182,9183,964,6,2015-11-30 19:44:58.604511,t,2015-11-30 19:54:19.423759,,,,,
replication,951,9409,9410,987,14,2015-11-30 19:46:01.780838,t,2015-11-30 19:54:19.456287,,,,,
replication,940,9299,9300,976,5,2015-11-30 19:45:30.863925,t,2015-11-30 19:54:19.487385,,,,,
replication,957,9492,9494,993,17,2015-11-30 19:46:24.103699,t,2015-11-30 19:54:19.51923,,,,,
replication,967,9584,9586,1003,9,2015-11-30 19:46:49.00267,t,2015-11-30 19:54:19.582586,,,,,
replication,978,9693,9694,1014,4,2015-11-30 19:47:20.2158,t,2015-11-30 19:54:19.613522,,,,,
replication,988,9773,9774,1024,13,2015-11-30 19:47:41.289859,t,2015-11-30 19:54:19.645093,,,,,
replication,924,9135,9136,960,11,2015-11-30 19:44:39.773969,t,2015-11-30 19:54:21.177393,,,,,
replication,939,9294,9295,975,17,2015-11-30 19:45:30.118178,t,2015-11-30 19:54:36.415145,,,,,
replication,962,9529,9530,998,10,2015-11-30 19:46:32.966549,t,2015-11-30 19:54:36.479009,,,,,
replication,981,9712,9713,1017,11,2015-11-30 19:47:28.313459,t,2015-11-30 19:54:36.51059,,,,,
replication,958,9496,9497,994,1,2015-11-30 19:46:24.544049,t,2015-11-30 19:54:51.207125,,,,,
replication,971,9612,9613,1007,2,2015-11-30 19:46:55.653451,t,2015-11-30 19:54:51.238961,,,,,
replication,1010,10008,10009,1046,6,2015-11-30 19:48:41.74588,t,2015-11-30 19:54:51.304844,,,,,
replication,982,9716,9718,1018,3,2015-11-30 19:47:28.99254,t,2015-11-30 19:54:51.372496,,,,,
replication,1002,9928,9929,1038,8,2015-11-30 19:48:19.610316,t,2015-11-30 19:54:51.405285,,,,,
replication,993,9815,9816,1029,11,2015-11-30 19:47:51.624264,t,2015-11-30 19:54:51.4399,,,,,
replication,1012,10024,10025,1048,14,2015-11-30 19:48:43.460807,t,2015-11-30 19:54:21.371122,,,,,
replication,1022,10126,10127,1058,18,2015-11-30 19:49:07.081436,t,2015-11-30 19:54:36.574349,,,,,
replication,1025,10149,10150,1061,5,2015-11-30 19:49:14.787859,t,2015-11-30 19:54:51.506124,,,,,
replication,1026,10153,10154,1062,2,2015-11-30 19:49:15.411463,f,,,,,,
replication,1030,10204,10205,1066,7,2015-11-30 19:49:30.263416,t,2015-11-30 19:54:19.707802,,,,,
replication,1013,10029,10030,1049,12,2015-11-30 19:48:44.212471,t,2015-11-30 19:54:19.740129,,,,,
replication,1014,10045,10046,1050,18,2015-11-30 19:48:49.511809,f,,,,,,
replication,1018,10082,10083,1054,11,2015-11-30 19:48:58.252651,f,,,,,,
replication,1015,10053,10054,1051,1,2015-11-30 19:48:51.197382,f,,,,,,
replication,1016,10069,10070,1052,17,2015-11-30 19:48:54.777469,f,,,,,,
replication,1017,10075,10077,1053,12,2015-11-30 19:48:57.026885,t,2015-11-30 19:52:51.910244,,,,,
replication,1019,10102,10103,1055,15,2015-11-30 19:49:03.042339,f,,,,,,
replication,1023,10131,10132,1059,5,2015-11-30 19:49:07.572243,f,,,,,,
replication,1029,10192,10193,1065,5,2015-11-30 19:49:28.582416,f,,,,,,
replication,1034,10241,10242,1070,3,2015-11-30 19:49:40.107356,f,,,,,,
replication,1024,10133,10134,1060,7,2015-11-30 19:49:07.719336,t,2015-11-30 19:52:28.469335,,,,,
replication,1020,10106,10107,1056,6,2015-11-30 19:49:03.526534,f,,,,,,
replication,1032,10225,10227,1068,15,2015-11-30 19:49:35.366904,t,2015-11-30 19:54:51.474754,,,,,
replication,848,8354,8355,884,16,2015-11-30 19:41:59.032733,t,2015-11-30 19:49:09.395487,,,,,
replication,834,8188,8189,870,4,2015-11-30 19:41:34.515273,t,2015-11-30 19:49:09.427818,,,,,
replication,877,8646,8647,913,11,2015-11-30 19:42:53.665771,t,2015-11-30 19:49:09.460141,,,,,
replication,886,8754,8755,922,7,2015-11-30 19:43:16.453513,t,2015-11-30 19:49:09.49195,,,,,
replication,952,9411,9412,988,10,2015-11-30 19:46:01.958087,t,2015-11-30 19:49:09.682834,,,,,
replication,943,9330,9331,979,14,2015-11-30 19:45:38.062476,t,2015-11-30 19:49:09.715029,,,,,
replication,959,9500,9501,995,6,2015-11-30 19:46:25.505632,t,2015-11-30 19:49:09.746578,,,,,
replication,968,9588,9589,1004,15,2015-11-30 19:46:49.278985,t,2015-11-30 19:49:09.778188,,,,,
replication,975,9662,9663,1011,9,2015-11-30 19:47:13.189839,t,2015-11-30 19:49:09.809235,,,,,
replication,1028,10189,10190,1064,15,2015-11-30 19:49:28.209544,f,,,,,,
replication,1021,10122,10124,1057,11,2015-11-30 19:49:06.805518,t,2015-11-30 19:54:19.772778,,,,,
replication,1033,10236,10237,1069,15,2015-11-30 19:49:38.387513,f,,,,,,
replication,1035,10247,10249,1071,13,2015-11-30 19:49:43.567877,f,,,,,,
replication,1036,10250,10251,1072,6,2015-11-30 19:49:43.985499,f,,,,,,
replication,1038,10275,10276,1074,16,2015-11-30 19:49:52.147988,f,,,,,,
replication,1041,10309,10310,1077,18,2015-11-30 19:49:58.710872,f,,,,,,
replication,1042,10327,10329,1078,9,2015-11-30 19:50:03.501723,f,,,,,,
replication,1043,10334,10335,1079,16,2015-11-30 19:50:04.154221,f,,,,,,
replication,1044,10345,10346,1080,1,2015-11-30 19:50:07.053999,f,,,,,,
replication,1050,10395,10396,1086,15,2015-11-30 19:50:16.268951,f,,,,,,
replication,1051,10401,10402,1087,10,2015-11-30 19:50:17.987922,f,,,,,,
replication,1052,10410,10411,1088,14,2015-11-30 19:50:23.513539,f,,,,,,
replication,1053,10427,10428,1089,1,2015-11-30 19:50:27.70114,f,,,,,,
replication,1056,10449,10450,1092,2,2015-11-30 19:50:30.089447,f,,,,,,
replication,1059,10496,10497,1095,8,2015-11-30 19:50:38.450616,f,,,,,,
replication,1061,10508,10510,1097,17,2015-11-30 19:50:41.056841,f,,,,,,
replication,1062,10509,10511,1098,6,2015-11-30 19:50:41.073084,f,,,,,,
replication,1063,10521,10522,1099,6,2015-11-30 19:50:43.595275,f,,,,,,
replication,1064,10526,10527,1100,11,2015-11-30 19:50:44.780271,f,,,,,,
replication,1065,10536,10537,1101,8,2015-11-30 19:50:46.346963,f,,,,,,
replication,1068,10574,10575,1104,2,2015-11-30 19:50:57.702416,f,,,,,,
replication,1071,10602,10603,1107,11,2015-11-30 19:51:03.224792,f,,,,,,
replication,1072,10621,10622,1108,3,2015-11-30 19:51:06.081174,f,,,,,,
replication,1074,10647,10648,1110,12,2015-11-30 19:51:11.889866,f,,,,,,
replication,1075,10656,10657,1111,10,2015-11-30 19:51:14.711511,f,,,,,,
replication,1076,10669,10670,1112,10,2015-11-30 19:51:17.336988,f,,,,,,
replication,1077,10677,10678,1113,12,2015-11-30 19:51:18.088269,f,,,,,,
replication,1082,10723,10724,1118,6,2015-11-30 19:51:28.548401,f,,,,,,
replication,1084,10747,10748,1120,5,2015-11-30 19:51:38.484248,f,,,,,,
replication,1085,10765,10766,1121,3,2015-11-30 19:51:43.405374,f,,,,,,
replication,1086,10786,10787,1122,9,2015-11-30 19:51:47.359276,f,,,,,,
replication,1088,10796,10797,1124,18,2015-11-30 19:51:49.795929,f,,,,,,
replication,1091,10823,10824,1127,6,2015-11-30 19:52:03.410553,f,,,,,,
replication,1092,10842,10843,1128,14,2015-11-30 19:52:07.353486,f,,,,,,
replication,1094,10851,10852,1130,17,2015-11-30 19:52:08.53567,f,,,,,,
replication,1095,10858,10859,1131,1,2015-11-30 19:52:09.949683,f,,,,,,
replication,1097,10895,10896,1133,15,2015-11-30 19:52:22.776165,f,,,,,,
replication,1098,10897,10898,1134,16,2015-11-30 19:52:22.895599,f,,,,,,
replication,1037,10273,10274,1073,9,2015-11-30 19:49:51.915069,t,2015-11-30 19:52:27.916202,,,,,
replication,1048,10382,10384,1084,4,2015-11-30 19:50:14.631592,t,2015-11-30 19:52:27.957216,,,,,
replication,1058,10494,10495,1094,17,2015-11-30 19:50:38.39,t,2015-11-30 19:52:28.023332,,,,,
replication,1070,10592,10593,1106,6,2015-11-30 19:51:01.153486,t,2015-11-30 19:52:28.088336,,,,,
replication,1001,9922,9924,1037,8,2015-11-30 19:48:19.363955,t,2015-11-30 19:52:28.342639,,,,,
replication,994,9842,9843,1030,13,2015-11-30 19:47:58.334504,t,2015-11-30 19:52:28.374711,,,,,
replication,1011,10013,10015,1047,18,2015-11-30 19:48:42.097995,t,2015-11-30 19:52:28.407119,,,,,
replication,986,9747,9748,1022,14,2015-11-30 19:47:36.172318,t,2015-11-30 19:52:28.438395,,,,,
replication,1101,10922,10923,1137,12,2015-11-30 19:52:28.628045,f,,,,,,
replication,1102,10931,10932,1138,6,2015-11-30 19:52:33.776303,f,,,,,,
replication,1103,10942,10943,1139,13,2015-11-30 19:52:36.948414,f,,,,,,
replication,1105,10963,10964,1141,2,2015-11-30 19:52:42.575934,f,,,,,,
replication,1106,10965,10966,1142,10,2015-11-30 19:52:42.765841,f,,,,,,
replication,1090,10810,10811,1126,7,2015-11-30 19:51:56.615449,t,2015-11-30 19:52:51.491667,,,,,
replication,1046,10356,10357,1082,15,2015-11-30 19:50:08.764174,t,2015-11-30 19:52:51.527911,,,,,
replication,1060,10500,10501,1096,13,2015-11-30 19:50:38.921546,t,2015-11-30 19:52:51.560209,,,,,
replication,1080,10701,10702,1116,8,2015-11-30 19:51:22.361659,t,2015-11-30 19:52:51.846781,,,,,
replication,1031,10224,10226,1067,5,2015-11-30 19:49:35.329715,t,2015-11-30 19:52:51.879314,,,,,
replication,1108,10989,10990,1144,18,2015-11-30 19:52:52.210736,f,,,,,,
replication,1109,11007,11008,1145,15,2015-11-30 19:52:58.078117,f,,,,,,
replication,1111,11030,11031,1147,10,2015-11-30 19:53:04.037182,f,,,,,,
replication,1113,11056,11057,1149,3,2015-11-30 19:53:10.967172,f,,,,,,
replication,1114,11060,11061,1150,13,2015-11-30 19:53:11.822302,f,,,,,,
replication,1115,11065,11066,1151,13,2015-11-30 19:53:13.629305,f,,,,,,
replication,1116,11071,11072,1152,14,2015-11-30 19:53:17.452774,f,,,,,,
replication,1039,10296,10297,1075,16,2015-11-30 19:49:56.371821,t,2015-11-30 19:54:19.2308,,,,,
replication,1055,10446,10447,1091,15,2015-11-30 19:50:30.010681,t,2015-11-30 19:54:19.263246,,,,,
replication,1067,10558,10559,1103,10,2015-11-30 19:50:54.64965,t,2015-11-30 19:54:19.392635,,,,,
replication,1078,10681,10683,1114,18,2015-11-30 19:51:18.510835,t,2015-11-30 19:54:19.551054,,,,,
replication,1054,10432,10434,1090,15,2015-11-30 19:50:28.139726,t,2015-11-30 19:54:20.813889,,,,,
replication,1045,10350,10351,1081,13,2015-11-30 19:50:07.375575,t,2015-11-30 19:54:20.847883,,,,,
replication,1112,11049,11050,1148,8,2015-11-30 19:53:09.085721,t,2015-11-30 19:54:21.047107,,,,,
replication,1100,10919,10920,1136,4,2015-11-30 19:52:28.392174,t,2015-11-30 19:54:21.079379,,,,,
replication,1047,10373,10374,1083,14,2015-11-30 19:50:13.17693,t,2015-11-30 19:54:36.157897,,,,,
replication,1083,10736,10737,1119,16,2015-11-30 19:51:35.730167,t,2015-11-30 19:54:36.383392,,,,,
replication,1117,11076,11077,1153,6,2015-11-30 19:53:19.202306,t,2015-11-30 19:54:36.447072,,,,,
replication,1099,10900,10901,1135,8,2015-11-30 19:52:23.447261,t,2015-11-30 19:54:36.541857,,,,,
replication,1138,11304,11305,1174,3,2015-11-30 19:54:37.422996,f,,,,,,
replication,1040,10299,10301,1076,14,2015-11-30 19:49:56.977578,t,2015-11-30 19:54:50.945407,,,,,
replication,1057,10489,10491,1093,9,2015-11-30 19:50:38.087275,t,2015-11-30 19:54:50.977911,,,,,
replication,1049,10393,10394,1085,10,2015-11-30 19:50:16.153579,t,2015-11-30 19:54:51.010277,,,,,
replication,1110,11020,11021,1146,7,2015-11-30 19:53:01.794946,t,2015-11-30 19:54:51.041642,,,,,
replication,1104,10949,10950,1140,13,2015-11-30 19:52:38.627251,t,2015-11-30 19:54:51.072921,,,,,
replication,1118,11089,11090,1154,17,2015-11-30 19:53:22.371809,t,2015-11-30 19:54:51.112117,,,,,
replication,1069,10578,10579,1105,16,2015-11-30 19:50:58.182274,t,2015-11-30 19:54:51.143298,,,,,
replication,1119,11103,11105,1155,11,2015-11-30 19:53:27.192154,f,,,,,,
replication,1131,11229,11230,1167,18,2015-11-30 19:54:05.067006,f,,,,,,
replication,1120,11113,11114,1156,17,2015-11-30 19:53:29.29951,f,,,,,,
replication,1121,11125,11126,1157,9,2015-11-30 19:53:31.949798,f,,,,,,
replication,1127,11194,11195,1163,18,2015-11-30 19:53:54.169776,f,,,,,,
replication,1122,11134,11135,1158,1,2015-11-30 19:53:38.236234,f,,,,,,
replication,1129,11220,11221,1165,2,2015-11-30 19:54:02.185666,f,,,,,,
replication,1133,11264,11265,1169,9,2015-11-30 19:54:20.476614,f,,,,,,
replication,1137,11293,11294,1173,9,2015-11-30 19:54:26.019376,f,,,,,,
replication,1123,11143,11145,1159,14,2015-11-30 19:53:41.856729,f,,,,,,
replication,1124,11152,11153,1160,4,2015-11-30 19:53:46.707431,f,,,,,,
replication,1125,11166,11167,1161,11,2015-11-30 19:53:49.626329,f,,,,,,
replication,1126,11188,11189,1162,13,2015-11-30 19:53:53.840107,f,,,,,,
replication,1128,11197,11199,1164,15,2015-11-30 19:53:56.088855,f,,,,,,
replication,1130,11223,11224,1166,8,2015-11-30 19:54:02.800368,f,,,,,,
replication,1136,11291,11292,1172,7,2015-11-30 19:54:25.897065,f,,,,,,
replication,1132,11239,11240,1168,11,2015-11-30 19:54:10.479474,f,,,,,,
replication,1004,9937,9938,1040,8,2015-11-30 19:48:21.088971,t,2015-11-30 19:54:19.676509,,,,,
replication,1066,10540,10541,1102,16,2015-11-30 19:50:47.821723,t,2015-11-30 19:54:21.145133,,,,,
replication,1093,10846,10847,1129,12,2015-11-30 19:52:07.995401,t,2015-11-30 19:54:21.20972,,,,,
replication,1073,10627,10628,1109,18,2015-11-30 19:51:06.775024,t,2015-11-30 19:54:21.241963,,,,,
replication,1081,10721,10722,1117,6,2015-11-30 19:51:28.36315,t,2015-11-30 19:54:21.274306,,,,,
replication,1087,10789,10791,1123,9,2015-11-30 19:51:47.566827,t,2015-11-30 19:54:21.306582,,,,,
replication,1107,10980,10981,1143,7,2015-11-30 19:52:48.665106,t,2015-11-30 19:54:21.338822,,,,,
replication,1134,11278,11279,1170,9,2015-11-30 19:54:23.688635,f,,,,,,
replication,1135,11284,11286,1171,7,2015-11-30 19:54:24.777385,f,,,,,,
replication,1139,11319,11320,1175,7,2015-11-30 19:54:42.011287,f,,,,,,
replication,1140,11328,11329,1176,8,2015-11-30 19:54:44.680988,f,,,,,,
replication,1141,11346,11347,1177,18,2015-11-30 19:54:48.975785,f,,,,,,
replication,1142,11352,11353,1178,10,2015-11-30 19:54:49.982381,f,,,,,,
replication,1096,10878,10879,1132,12,2015-11-30 19:52:17.908963,t,2015-11-30 19:54:51.174823,,,,,
replication,1079,10692,10693,1115,18,2015-11-30 19:51:20.882399,t,2015-11-30 19:54:51.271496,,,,,
replication,1089,10803,10804,1125,4,2015-11-30 19:51:54.173683,t,2015-11-30 19:54:51.338409,,,,,
replication,1143,11363,11364,1179,4,2015-11-30 19:54:53.163226,f,,,,,,
replication,1144,11367,11368,1180,5,2015-11-30 19:54:53.702715,f,,,,,,
replication,1145,11370,11371,1181,16,2015-11-30 19:54:54.284438,f,,,,,,
replication,1146,11385,11386,1182,4,2015-11-30 19:55:08.292428,f,,,,,,
replication,1147,11410,11411,1183,16,2015-11-30 19:55:14.510386,f,,,,,,
replication,1148,11415,11417,1184,4,2015-11-30 19:55:15.463456,f,,,,,,
replication,1149,11416,11418,1185,10,2015-11-30 19:55:15.469966,f,,,,,,
replication,1150,11429,11430,1186,12,2015-11-30 19:55:21.297715,f,,,,,,
replication,1151,11436,11437,1187,5,2015-11-30 19:55:23.9151,f,,,,,,
replication,1152,11444,11445,1188,4,2015-11-30 19:55:25.661959,f,,,,,,
replication,1153,11469,11470,1189,8,2015-11-30 19:55:36.213056,f,,,,,,
replication,1154,11475,11476,1190,14,2015-11-30 19:55:37.55822,f,,,,,,
replication,1155,11487,11489,1191,18,2015-11-30 19:55:42.267399,f,,,,,,
replication,1156,11488,11490,1192,18,2015-11-30 19:55:42.285361,f,,,,,,
replication,1157,11506,11507,1193,5,2015-11-30 19:55:53.250236,f,,,,,,
replication,1158,11519,11520,1194,10,2015-11-30 19:55:58.904877,f,,,,,,
replication,1159,11526,11527,1195,12,2015-11-30 19:56:00.691957,f,,,,,,
replication,1160,11535,11536,1196,14,2015-11-30 19:56:06.555003,f,,,,,,
replication,1161,11541,11542,1197,1,2015-11-30 19:56:09.821971,f,,,,,,
replication,1162,11554,11555,1198,8,2015-11-30 19:56:15.498854,f,,,,,,
replication,1163,11565,11566,1199,15,2015-11-30 19:56:20.39378,f,,,,,,
replication,1164,11572,11573,1200,7,2015-11-30 19:56:24.114294,f,,,,,,
replication,1165,11584,11585,1201,5,2015-11-30 19:56:29.662236,f,,,,,,
replication,1166,11593,11594,1202,12,2015-11-30 19:56:33.898601,f,,,,,,
replication,1167,11599,11600,1203,2,2015-11-30 19:56:39.165918,f,,,,,,
replication,1168,11613,11614,1204,12,2015-11-30 19:56:51.796465,f,,,,,,
replication,1169,11620,11621,1205,11,2015-11-30 19:56:55.386736,f,,,,,,
replication,1170,11642,11643,1206,1,2015-11-30 19:57:07.469003,f,,,,,,
replication,1171,11645,11646,1207,3,2015-11-30 19:57:07.944821,f,,,,,,
replication,1172,11656,11657,1208,7,2015-11-30 19:57:12.11044,f,,,,,,
replication,1173,11666,11667,1209,17,2015-11-30 19:57:13.808941,f,,,,,,
replication,1174,11672,11673,1210,4,2015-11-30 19:57:14.958334,f,,,,,,
replication,1175,11675,11676,1211,15,2015-11-30 19:57:16.034309,f,,,,,,
replication,1176,11677,11678,1212,1,2015-11-30 19:57:16.764717,f,,,,,,
replication,564,5356,5357,600,12,2015-11-30 19:36:10.118249,t,2015-11-30 19:57:18.372688,,,,,
replication,1177,11691,11692,1213,1,2015-11-30 19:57:28.750113,f,,,,,,
replication,1178,11696,11697,1214,2,2015-11-30 19:57:30.52138,f,,,,,,
replication,1179,11709,11710,1215,7,2015-11-30 19:57:36.63235,f,,,,,,
replication,1180,11731,11732,1216,18,2015-11-30 19:57:43.591069,f,,,,,,
replication,1181,11737,11738,1217,4,2015-11-30 19:57:44.635193,f,,,,,,
replication,1182,11740,11741,1218,2,2015-11-30 19:57:45.503298,f,,,,,,
replication,1183,11758,11759,1219,13,2015-11-30 19:57:49.616463,f,,,,,,
replication,1184,11768,11769,1220,2,2015-11-30 19:57:52.482737,f,,,,,,
replication,1185,11777,11778,1221,11,2015-11-30 19:57:55.648105,f,,,,,,
replication,1186,11783,11784,1222,3,2015-11-30 19:57:58.217712,f,,,,,,
replication,1187,11792,11793,1223,16,2015-11-30 19:58:03.828625,f,,,,,,
replication,1188,11819,11820,1224,3,2015-11-30 19:58:15.145756,f,,,,,,
replication,1189,11822,11823,1225,16,2015-11-30 19:58:15.314451,f,,,,,,
replication,1190,11833,11834,1226,7,2015-11-30 19:58:17.402457,f,,,,,,
replication,1191,11835,11836,1227,3,2015-11-30 19:58:17.657558,f,,,,,,
replication,1192,11843,11844,1228,14,2015-11-30 19:58:22.144639,f,,,,,,
replication,1193,11858,11859,1229,6,2015-11-30 19:58:31.016361,f,,,,,,
replication,1194,11863,11864,1230,13,2015-11-30 19:58:32.348823,f,,,,,,
replication,1195,11883,11885,1231,6,2015-11-30 19:58:37.927819,f,,,,,,
replication,1196,11892,11893,1232,10,2015-11-30 19:58:39.894835,f,,,,,,
replication,1197,11902,11903,1233,10,2015-11-30 19:58:42.379525,f,,,,,,
replication,1198,11906,11907,1234,4,2015-11-30 19:58:43.950127,f,,,,,,
replication,1199,11910,11911,1235,14,2015-11-30 19:58:46.223813,f,,,,,,
replication,1200,11930,11931,1236,14,2015-11-30 19:58:59.595474,f,,,,,,
replication,1201,11939,11940,1237,8,2015-11-30 19:59:02.498354,f,,,,,,
replication,1202,11944,11945,1238,14,2015-11-30 19:59:03.611367,f,,,,,,
replication,1203,11953,11955,1239,9,2015-11-30 19:59:06.173223,f,,,,,,
replication,1204,11961,11962,1240,13,2015-11-30 19:59:09.218272,f,,,,,,
replication,1205,11977,11978,1241,8,2015-11-30 19:59:18.345852,f,,,,,,
replication,1206,11982,11983,1242,12,2015-11-30 19:59:19.435452,f,,,,,,
replication,1207,11994,11995,1243,10,2015-11-30 19:59:22.348544,f,,,,,,
replication,1208,12011,12012,1244,8,2015-11-30 19:59:27.552737,f,,,,,,
replication,1209,12016,12017,1245,6,2015-11-30 19:59:28.596561,f,,,,,,
replication,1210,12021,12022,1246,17,2015-11-30 19:59:33.468821,f,,,,,,
replication,1211,12034,12035,1247,17,2015-11-30 19:59:37.982973,f,,,,,,
replication,1212,12046,12047,1248,18,2015-11-30 19:59:42.627844,f,,,,,,
replication,1213,12065,12066,1249,8,2015-11-30 19:59:49.077749,f,,,,,,
replication,1214,12075,12076,1250,9,2015-11-30 19:59:52.318058,f,,,,,,
replication,1215,12085,12086,1251,9,2015-11-30 19:59:55.425674,f,,,,,,
replication,1216,12087,12088,1252,10,2015-11-30 19:59:55.491748,f,,,,,,
replication,1217,12095,12096,1253,9,2015-11-30 19:59:59.723451,f,,,,,,
replication,1218,12114,12115,1254,11,2015-11-30 20:00:10.921309,f,,,,,,
replication,1219,12122,12123,1255,4,2015-11-30 20:00:13.440544,f,,,,,,
replication,1220,12134,12135,1256,6,2015-11-30 20:00:17.085561,f,,,,,,
replication,1221,12147,12148,1257,4,2015-11-30 20:00:22.481026,f,,,,,,
replication,1222,12150,12151,1258,12,2015-11-30 20:00:23.425882,f,,,,,,
replication,1223,12173,12174,1259,4,2015-11-30 20:00:35.529376,f,,,,,,
replication,1224,12176,12177,1260,12,2015-11-30 20:00:36.148158,f,,,,,,
replication,1225,12185,12186,1261,13,2015-11-30 20:00:40.492988,f,,,,,,
replication,1226,12196,12197,1262,5,2015-11-30 20:00:43.006964,f,,,,,,
replication,1227,12205,12206,1263,18,2015-11-30 20:00:45.562512,f,,,,,,
replication,1228,12211,12212,1264,1,2015-11-30 20:00:48.160809,f,,,,,,
replication,1229,12215,12216,1265,18,2015-11-30 20:00:49.757468,f,,,,,,
replication,1230,12224,12225,1266,12,2015-11-30 20:00:54.996348,f,,,,,,
replication,1232,12240,12241,1268,7,2015-11-30 20:01:03.389038,f,,,,,,
replication,1247,12399,12401,1283,4,2015-11-30 20:02:03.988497,f,,,,,,
replication,1257,12488,12489,1293,10,2015-11-30 20:02:37.237268,f,,,,,,
replication,1258,12500,12501,1294,7,2015-11-30 20:02:41.617467,f,,,,,,
replication,1264,12555,12556,1300,15,2015-11-30 20:02:56.264817,f,,,,,,
replication,1275,12679,12680,1311,5,2015-11-30 20:03:42.87035,f,,,,,,
replication,1231,12231,12232,1267,12,2015-11-30 20:00:57.31981,f,,,,,,
replication,1233,12262,12263,1269,12,2015-11-30 20:01:13.148362,f,,,,,,
replication,1239,12319,12320,1275,18,2015-11-30 20:01:34.137235,f,,,,,,
replication,1234,12273,12274,1270,7,2015-11-30 20:01:15.612503,f,,,,,,
replication,1243,12359,12360,1279,7,2015-11-30 20:01:47.265313,f,,,,,,
replication,1248,12411,12412,1284,13,2015-11-30 20:02:08.067459,f,,,,,,
replication,1281,12747,12748,1317,7,2015-11-30 20:04:06.904578,f,,,,,,
replication,1235,12286,12287,1271,17,2015-11-30 20:01:18.611826,f,,,,,,
replication,1237,12297,12299,1273,5,2015-11-30 20:01:20.806965,f,,,,,,
replication,1244,12366,12367,1280,3,2015-11-30 20:01:50.795191,f,,,,,,
replication,1252,12441,12442,1288,5,2015-11-30 20:02:18.423531,f,,,,,,
replication,1254,12461,12462,1290,1,2015-11-30 20:02:31.195897,f,,,,,,
replication,1262,12549,12550,1298,2,2015-11-30 20:02:55.419658,f,,,,,,
replication,1280,12743,12744,1316,11,2015-11-30 20:04:06.329738,f,,,,,,
replication,1287,12814,12815,1323,6,2015-11-30 20:04:38.780888,f,,,,,,
replication,1236,12296,12298,1272,2,2015-11-30 20:01:20.80796,f,,,,,,
replication,1251,12437,12438,1287,12,2015-11-30 20:02:17.216949,f,,,,,,
replication,1253,12450,12451,1289,16,2015-11-30 20:02:26.095689,f,,,,,,
replication,1259,12515,12516,1295,14,2015-11-30 20:02:46.412771,f,,,,,,
replication,1268,12609,12610,1304,5,2015-11-30 20:03:17.096971,f,,,,,,
replication,1279,12737,12738,1315,12,2015-11-30 20:04:04.826619,f,,,,,,
replication,1286,12809,12810,1322,17,2015-11-30 20:04:35.67129,f,,,,,,
replication,1238,12303,12305,1274,16,2015-11-30 20:01:22.464031,f,,,,,,
replication,1241,12336,12337,1277,15,2015-11-30 20:01:41.846064,f,,,,,,
replication,1263,12553,12554,1299,9,2015-11-30 20:02:55.993372,f,,,,,,
replication,1276,12682,12683,1312,15,2015-11-30 20:03:43.445791,f,,,,,,
replication,1240,12322,12323,1276,16,2015-11-30 20:01:34.745999,f,,,,,,
replication,1242,12352,12353,1278,13,2015-11-30 20:01:45.635499,f,,,,,,
replication,1245,12387,12388,1281,11,2015-11-30 20:02:00.461345,f,,,,,,
replication,1265,12571,12573,1301,8,2015-11-30 20:03:04.242972,f,,,,,,
replication,1271,12637,12638,1307,7,2015-11-30 20:03:25.408222,f,,,,,,
replication,1284,12801,12802,1320,6,2015-11-30 20:04:33.687835,f,,,,,,
replication,1246,12392,12393,1282,16,2015-11-30 20:02:01.984911,f,,,,,,
replication,1270,12625,12626,1306,14,2015-11-30 20:03:21.372301,f,,,,,,
replication,1277,12716,12717,1313,17,2015-11-30 20:03:59.263466,f,,,,,,
replication,1278,12719,12721,1314,16,2015-11-30 20:03:59.400562,f,,,,,,
replication,1283,12782,12783,1319,14,2015-11-30 20:04:27.40134,f,,,,,,
replication,1249,12417,12418,1285,17,2015-11-30 20:02:09.731775,f,,,,,,
replication,1250,12434,12435,1286,15,2015-11-30 20:02:16.564708,f,,,,,,
replication,1274,12664,12665,1310,16,2015-11-30 20:03:37.948727,f,,,,,,
replication,1282,12754,12755,1318,17,2015-11-30 20:04:10.122325,f,,,,,,
replication,1255,12477,12478,1291,9,2015-11-30 20:02:34.957309,f,,,,,,
replication,1269,12615,12616,1305,11,2015-11-30 20:03:18.004938,f,,,,,,
replication,1285,12806,12807,1321,8,2015-11-30 20:04:35.086055,f,,,,,,
replication,1256,12484,12485,1292,6,2015-11-30 20:02:36.061929,f,,,,,,
replication,1260,12518,12520,1296,15,2015-11-30 20:02:47.006793,f,,,,,,
replication,1261,12527,12528,1297,17,2015-11-30 20:02:49.648314,f,,,,,,
replication,1266,12572,12574,1302,5,2015-11-30 20:03:04.265745,f,,,,,,
replication,1272,12648,12649,1308,3,2015-11-30 20:03:29.838336,f,,,,,,
replication,1267,12584,12585,1303,8,2015-11-30 20:03:08.70596,f,,,,,,
replication,1273,12654,12655,1309,11,2015-11-30 20:03:32.248637,f,,,,,,
replication,1288,12824,12825,1324,5,2015-11-30 20:04:50.699442,f,,,,,,
replication,1289,12846,12847,1325,13,2015-11-30 20:05:02.412819,f,,,,,,
replication,1290,12856,12857,1326,17,2015-11-30 20:05:07.75534,f,,,,,,
replication,1291,12873,12874,1327,6,2015-11-30 20:05:23.681305,f,,,,,,
replication,1292,12893,12894,1328,4,2015-11-30 20:05:57.150794,f,,,,,,
replication,1293,12898,12899,1329,15,2015-11-30 20:06:00.58605,f,,,,,,
replication,1294,12909,12910,1330,11,2015-11-30 20:06:20.157838,f,,,,,,
replication,1295,12918,12919,1331,10,2015-11-30 20:06:34.327755,f,,,,,,
replication,1296,12928,12929,1332,18,2015-11-30 20:06:46.734096,f,,,,,,
replication,1297,12938,12939,1333,18,2015-11-30 20:07:00.568896,f,,,,,,
replication,1298,12948,12949,1334,9,2015-11-30 20:07:13.215377,f,,,,,,
replication,1299,12958,12959,1335,9,2015-11-30 20:07:29.23835,f,,,,,,
replication,1300,12968,12969,1336,10,2015-11-30 20:07:36.133192,f,,,,,,
replication,1301,12978,12979,1337,4,2015-11-30 20:07:52.98031,f,,,,,,
replication,1302,12988,12989,1338,15,2015-11-30 20:08:01.453835,f,,,,,,
replication,1303,12998,12999,1339,13,2015-11-30 20:08:16.618667,f,,,,,,
replication,1304,13008,13009,1340,16,2015-11-30 20:08:30.195873,f,,,,,,
replication,1305,13018,13019,1341,8,2015-11-30 20:08:43.891099,f,,,,,,
replication,1306,13028,13029,1342,7,2015-11-30 20:08:58.20747,f,,,,,,
replication,1307,13042,13043,1343,11,2015-11-30 20:09:17.606088,f,,,,,,
replication,1308,13048,13049,1344,13,2015-11-30 20:09:19.995181,f,,,,,,
replication,1309,13066,13067,1345,6,2015-11-30 20:09:43.793108,f,,,,,,
replication,1310,13076,13077,1346,5,2015-11-30 20:10:10.410454,f,,,,,,
replication,1311,13086,13087,1347,14,2015-11-30 20:10:35.91521,f,,,,,,
replication,1329,13266,13267,1365,17,2015-11-30 20:21:26.196719,t,2015-11-30 20:25:03.848367,,,,,
replication,1328,13256,13257,1364,14,2015-11-30 20:21:07.00328,t,2015-11-30 20:25:03.88175,,,,,
replication,1327,13246,13247,1363,18,2015-11-30 20:20:46.927445,t,2015-11-30 20:25:03.914758,,,,,
replication,1326,13236,13237,1362,5,2015-11-30 20:20:27.875156,t,2015-11-30 20:25:03.947368,,,,,
replication,1325,13226,13227,1361,7,2015-11-30 20:20:05.998196,t,2015-11-30 20:25:03.979401,,,,,
replication,1324,13216,13217,1360,12,2015-11-30 20:19:42.805637,t,2015-11-30 20:25:04.010898,,,,,
replication,1323,13206,13207,1359,9,2015-11-30 20:19:22.737468,t,2015-11-30 20:25:04.04416,,,,,
replication,1322,13196,13197,1358,4,2015-11-30 20:19:01.967143,t,2015-11-30 20:25:04.079645,,,,,
replication,1321,13186,13187,1357,8,2015-11-30 20:17:53.826201,t,2015-11-30 20:25:04.111317,,,,,
replication,1320,13176,13177,1356,16,2015-11-30 20:17:35.072301,t,2015-11-30 20:25:04.144086,,,,,
replication,1319,13166,13167,1355,10,2015-11-30 20:16:38.893886,t,2015-11-30 20:25:04.176178,,,,,
replication,1318,13156,13157,1354,6,2015-11-30 20:16:14.446614,t,2015-11-30 20:25:04.208123,,,,,
replication,1317,13146,13147,1353,15,2015-11-30 20:15:55.346496,t,2015-11-30 20:25:04.239969,,,,,
replication,1316,13136,13137,1352,13,2015-11-30 20:15:36.678969,t,2015-11-30 20:25:04.271981,,,,,
replication,1315,13126,13127,1351,11,2015-11-30 20:15:15.730457,t,2015-11-30 20:25:04.304424,,,,,
replication,1314,13116,13117,1350,3,2015-11-30 20:14:44.161184,t,2015-11-30 20:25:04.336253,,,,,
replication,1313,13106,13107,1349,2,2015-11-30 20:14:18.252746,t,2015-11-30 20:25:04.367475,,,,,
replication,1312,13096,13097,1348,1,2015-11-30 20:13:40.506262,t,2015-11-30 20:25:04.398736,,,,,
replication,1330,13276,13277,1366,1,2015-11-30 20:27:19.629823,f,,,,,,
replication,1331,13286,13287,1367,2,2015-11-30 20:27:48.962341,f,,,,,,
replication,1332,13296,13297,1368,3,2015-11-30 20:28:20.256781,f,,,,,,
replication,1333,13306,13307,1369,4,2015-11-30 20:28:49.818652,f,,,,,,
replication,1334,13316,13317,1370,18,2015-11-30 20:29:14.572991,f,,,,,,
replication,1335,13326,13327,1371,13,2015-11-30 20:29:53.360566,f,,,,,,
replication,1336,13336,13337,1372,7,2015-11-30 20:30:51.191208,f,,,,,,
replication,1337,13346,13347,1373,14,2015-11-30 20:31:21.50859,f,,,,,,
replication,1338,13356,13357,1374,15,2015-11-30 20:31:46.456599,f,,,,,,
replication,1339,13366,13367,1375,12,2015-11-30 20:32:13.150462,f,,,,,,
replication,1340,13376,13377,1376,5,2015-11-30 20:32:38.25914,f,,,,,,
replication,1341,13386,13387,1377,6,2015-11-30 20:33:12.157778,f,,,,,,
replication,1342,13396,13397,1378,16,2015-11-30 20:33:48.81755,f,,,,,,
replication,1343,13406,13407,1379,9,2015-11-30 20:34:16.371529,f,,,,,,
replication,1344,13416,13417,1380,17,2015-11-30 20:34:40.64193,f,,,,,,
replication,1345,13426,13427,1381,11,2015-11-30 20:35:10.450037,f,,,,,,
replication,1346,13436,13437,1382,10,2015-11-30 20:35:34.143965,f,,,,,,
replication,1347,13446,13447,1383,8,2015-11-30 20:35:55.958472,f,,,,,,
